Front Left,Left Angle,Right Angle,Front Right,Distance Count,Maze Location,Forward Speed count,Rotation Speed count,Left Motor Volts Scaled,Right Motor Volts Scaled,Front sum,Front diff,Distance Count Travelled,Distance MM,Profile Forward Speed mm,Profile Rotation Speed deg,LeftVolts,RightVolts,Maze X,Maze Y
1,97,100,2,14,0,1400,0,66,62,3,-1,14,2.489712178296,248.9712178296,0.0,2.376,2.2319999999999998,0,0
1,97,104,2,20,0,1960,0,78,75,3,-1,34,6.046443861576,348.55970496144,0.0,2.808,2.6999999999999997,0,0
1,97,102,1,16,0,2240,0,78,75,2,0,50,8.8918292082,398.35394852736,0.0,2.808,2.6999999999999997,0,0
1,96,103,2,18,0,2520,0,87,88,3,-1,68,12.092887723152,448.14819209328,0.0,3.1319999999999997,3.1679999999999997,0,0
1,97,102,1,22,0,2800,0,91,91,2,0,90,16.00529257476,497.9424356592,0.0,3.276,3.276,0,0
1,95,102,1,27,0,3080,0,88,84,2,0,117,20.806880347188,547.73667922512,0.0,3.1679999999999997,3.0239999999999996,0,0
1,93,111,1,30,0,3360,0,103,80,2,0,147,26.141977872108,597.53092279104,0.0,3.7079999999999997,2.88,0,0
0,88,113,2,27,0,3640,0,126,114,2,-2,174,30.943565644536,647.32516635696,0.0,4.536,4.104,0,0
2,88,118,2,31,0,3920,0,128,122,4,0,205,36.45649975362,697.11940992288,0.0,4.608,4.3919999999999995,0,0
2,90,129,0,36,0,4200,0,121,130,2,2,241,42.858616783524,746.9136534888,0.0,4.356,4.68,0,0
1,82,139,2,42,0,4480,0,115,118,3,-1,283,50.327753318412,796.70789705472,0.0,4.14,4.247999999999999,0,0
1,75,156,2,43,0,4760,0,132,127,3,-1,326,57.974726437464,846.50214062064,0.0,4.752,4.572,0,0
1,74,169,1,43,0,5040,0,151,143,2,0,369,65.621699556516,896.29638418656,0.0,5.436,5.148,0,0
1,72,175,1,47,0,5320,0,150,151,2,0,416,73.980019012224,946.09062775248,0.0,5.3999999999999995,5.436,0,0
1,70,184,1,54,0,5600,0,142,142,2,0,470,83.58319455708,995.8848713184,0.0,5.111999999999999,5.111999999999999,0,0
2,66,191,2,54,0,5880,0,153,157,4,0,524,93.186370101936,1045.67911488432,0.0,5.508,5.651999999999999,0,0
2,66,200,1,56,0,6160,0,165,164,3,1,580,103.14521881512,1095.47335845024,0.0,5.9399999999999995,5.904,0,0
3,61,208,2,60,0,6440,0,167,167,5,1,640,113.81541386496,1145.26760201616,0.0,6.012,6.012,0,0
2,55,217,2,61,0,6720,0,177,184,4,0,701,124.663445498964,1195.06184558208,0.0,6.372,6.624,0,0
3,50,226,1,65,0,7000,0,173,195,4,2,766,136.222823469624,1244.856089148,0.0,6.228,7.02,0,0
2,47,233,3,68,0,7280,0,172,200,5,-1,834,148.315711192776,1294.65033271392,0.0,6.191999999999999,7.199999999999999,0,0
3,46,244,2,71,0,7000,0,154,177,5,1,905,160.94210866842,1244.856089148,0.0,5.544,6.372,0,0
2,45,253,4,72,0,6720,0,132,159,6,-2,977,173.746342728228,1195.06184558208,0.0,4.752,5.723999999999999,0,0
3,45,256,3,71,0,6440,0,120,143,6,0,1048,186.372740203872,1145.26760201616,0.0,4.319999999999999,5.148,0,0
5,44,257,3,67,0,6160,0,118,137,8,2,1115,198.28779134286,1095.47335845024,0.0,4.247999999999999,4.9319999999999995,0,0
6,45,255,3,66,0,5880,0,105,121,9,3,1181,210.025005897684,1045.67911488432,0.0,3.78,4.356,0,0
9,43,251,3,64,0,5600,0,96,113,12,6,1245,221.40654728418,995.8848713184,0.0,3.4559999999999995,4.068,0,0
14,48,243,6,61,0,5320,0,92,101,20,8,1306,232.254578918184,946.09062775248,0.0,3.312,3.6359999999999997,0,0
16,51,232,9,58,0,5040,0,87,90,25,7,1364,242.569100799696,896.29638418656,0.0,3.1319999999999997,3.2399999999999998,0,0
15,52,195,10,55,0,4760,0,83,78,25,5,1419,252.350112928716,846.50214062064,0.0,2.988,2.808,0,0
20,55,16,14,54,0,4480,0,70,59,34,6,1473,261.953288473572,796.70789705472,0.0,2.52,2.1239999999999997,0,0
22,61,4,18,50,0,4200,0,68,58,40,4,1523,270.845117681772,746.9136534888,0.0,2.448,2.0879999999999996,0,0
23,57,5,21,47,0,3920,0,66,44,44,2,1570,279.20343713748,697.11940992288,0.0,2.376,1.5839999999999999,0,0
25,57,5,23,42,0,3640,0,61,49,48,2,1612,286.672573672368,647.32516635696,0.0,2.1959999999999997,1.7639999999999998,0,0
30,61,3,27,41,0,3360,0,39,41,57,3,1653,293.963873623092,597.53092279104,0.0,1.404,1.476,0,0
30,58,5,30,38,0,3080,0,26,38,60,0,1691,300.721663821324,547.73667922512,0.0,0.9359999999999999,1.3679999999999999,0,0
36,56,4,34,32,0,2800,0,38,40,70,2,1723,306.412434514572,497.9424356592,0.0,1.3679999999999999,1.44,0,0
38,58,5,37,31,0,2520,0,24,27,75,1,1754,311.925368623656,448.14819209328,0.0,0.8639999999999999,0.972,0,0
43,58,7,41,29,0,2240,0,19,11,84,2,1783,317.082629564412,398.35394852736,0.0,0.6839999999999999,0.39599999999999996,0,0
45,58,5,45,24,0,2000,0,21,18,90,0,1807,321.350707584348,355.673168328,0.0,0.7559999999999999,0.6479999999999999,0,0
51,61,5,50,21,0,2000,0,31,27,101,1,1828,325.085275851792,355.673168328,0.0,1.1159999999999999,0.972,0,0
52,60,7,52,20,0,2000,0,32,33,104,0,1848,328.642007535072,355.673168328,0.0,1.152,1.188,0,0
60,59,5,57,21,2,2000,0,26,30,117,3,1869,332.376575802516,355.673168328,0.0,0.9359999999999999,1.0799999999999998,0,2
63,61,5,62,19,2,2000,-303,38,34,125,1,1888,335.755470901632,355.673168328,-41.164714285671,1.3679999999999999,1.224,0,2
64,60,5,63,18,2,2000,-606,55,25,127,1,1906,338.956529416584,355.673168328,-82.329428571342,1.9799999999999998,0.8999999999999999,0,2
67,60,7,66,18,2,2000,-909,66,16,133,1,1924,342.157587931536,355.673168328,-123.49414285701302,2.376,0.576,0,2
72,60,8,68,19,2,2000,-1212,72,5,140,4,1943,345.536483030652,355.673168328,-164.658857142684,2.5919999999999996,0.18,0,2
78,57,7,67,17,2,2000,-1515,86,7,145,11,1960,348.55970496144,355.673168328,-205.82357142835502,3.0959999999999996,0.252,0,2
91,55,6,64,18,2,2000,-1818,87,2,155,27,1978,351.760763476392,355.673168328,-246.98828571402603,3.1319999999999997,0.072,0,2
109,63,9,59,18,2,2000,-2121,89,2,168,50,1996,354.961821991344,355.673168328,-288.15299999969704,3.2039999999999997,0.072,0,2
133,64,10,47,17,2,2000,-2424,92,9,180,86,2013,357.985043922132,355.673168328,-329.317714285368,3.312,0.32399999999999995,0,2
143,69,10,30,18,2,2000,-2727,90,7,173,113,2031,361.186102437084,355.673168328,-370.482428571039,3.2399999999999998,0.252,0,2
132,86,8,7,18,2,2000,-3030,89,10,139,125,2049,364.387160952036,355.673168328,-411.64714285671005,3.2039999999999997,0.36,0,2
125,105,4,4,19,2,2000,-3108,87,6,129,121,2068,367.766056051152,355.673168328,-422.243999999556,3.1319999999999997,0.21599999999999997,0,2
124,125,3,4,19,2,2000,-3108,84,11,128,120,2087,371.144951150268,355.673168328,-422.243999999556,3.0239999999999996,0.39599999999999996,0,2
128,148,2,4,19,2,2000,-3108,79,17,132,124,2106,374.523846249384,355.673168328,-422.243999999556,2.844,0.612,0,2
124,177,2,4,20,2,2000,-3108,71,18,128,120,2126,378.080577932664,355.673168328,-422.243999999556,2.5559999999999996,0.6479999999999999,0,2
124,204,3,5,21,2,2000,-3108,69,12,129,119,2147,381.815146200108,355.673168328,-422.243999999556,2.484,0.43199999999999994,0,2
119,250,0,5,20,2,2000,-3108,72,15,124,114,2167,385.371877883388,355.673168328,-422.243999999556,2.5919999999999996,0.5399999999999999,0,2
111,303,3,8,19,2,2000,-3108,78,17,119,103,2186,388.750772982504,355.673168328,-422.243999999556,2.808,0.612,0,2
96,314,1,8,20,2,2000,-3108,77,12,104,88,2206,392.307504665784,355.673168328,-422.243999999556,2.772,0.43199999999999994,0,2
46,270,2,5,20,2,2000,-3108,78,11,51,41,2226,395.864236349064,355.673168328,-422.243999999556,2.808,0.39599999999999996,0,2
10,225,3,3,20,2,2000,-3108,76,13,13,7,2246,399.420968032344,355.673168328,-422.243999999556,2.7359999999999998,0.46799999999999997,0,2
7,166,5,2,19,2,2000,-3108,82,15,9,5,2265,402.79986313146,355.673168328,-422.243999999556,2.952,0.5399999999999999,0,2
9,28,11,2,20,2,2000,-3108,79,11,11,7,2285,406.35659481474,355.673168328,-422.243999999556,2.844,0.39599999999999996,0,2
13,8,22,1,21,2,2000,-2805,70,12,14,12,2306,410.091163082184,355.673168328,-381.07928571388504,2.52,0.43199999999999994,0,2
13,6,40,2,20,2,2000,-2502,65,24,15,11,2326,413.647894765464,355.673168328,-339.91457142821406,2.34,0.8639999999999999,0,2
17,5,65,0,19,2,2000,-2199,58,39,17,17,2345,417.02678986458,355.673168328,-298.749857142543,2.0879999999999996,1.404,0,2
10,5,98,2,21,2,2000,-1896,41,41,12,8,2366,420.761358132024,355.673168328,-257.58514285687204,1.476,1.476,0,2
4,6,136,2,20,2,2000,-1593,40,48,6,2,2386,424.318089815304,355.673168328,-216.42042857120103,1.44,1.7279999999999998,0,2
3,6,162,2,19,2,2000,-1290,35,62,5,1,2405,427.69698491442,355.673168328,-175.25571428553002,1.26,2.2319999999999998,0,2
1,6,183,2,20,2,2000,-987,29,61,3,-1,2425,431.2537165977,355.673168328,-134.090999999859,1.0439999999999998,2.1959999999999997,0,2
2,10,200,2,20,2,2000,-684,28,62,4,0,2445,434.81044828098,355.673168328,-92.92628571418801,1.008,2.2319999999999998,0,2
3,11,206,2,20,2,2000,-381,30,60,5,1,2465,438.36717996426,355.673168328,-51.761571428517,1.0799999999999998,2.1599999999999997,0,2
2,8,201,2,20,2,2000,-78,34,56,4,0,2485,441.92391164754,355.673168328,-10.596857142846002,1.224,2.016,0,2
4,9,199,2,20,2,2000,0,41,49,6,2,2505,445.48064333082,355.673168328,0.0,1.476,1.7639999999999998,0,2
2,9,192,1,20,2,2000,0,44,46,3,1,2525,449.0373750141,355.673168328,0.0,1.5839999999999999,1.656,0,2
3,9,179,3,20,18,2000,0,39,51,6,0,2545,452.59410669738,355.673168328,0.0,1.404,1.8359999999999999,1,2
3,10,172,3,20,18,2280,0,51,61,6,0,2565,456.15083838066,405.46741189392,0.0,1.8359999999999999,2.1959999999999997,1,2
5,9,163,2,21,18,2560,0,64,74,7,3,2586,459.885406648104,455.26165545984,0.0,2.304,2.6639999999999997,1,2
6,10,157,3,22,18,2840,0,83,82,9,3,2608,463.797811499712,505.05589902576,0.0,2.988,2.952,1,2
4,10,148,2,25,18,3120,0,94,86,6,2,2633,468.243726103812,554.85014259168,0.0,3.384,3.0959999999999996,1,2
5,10,140,2,26,18,3400,0,110,99,7,3,2659,472.867477292076,604.6443861576,0.0,3.9599999999999995,3.5639999999999996,1,2
4,11,133,2,30,18,3680,0,112,98,6,2,2689,478.202574816996,654.43862972352,0.0,4.032,3.5279999999999996,1,2
4,13,130,2,33,18,3960,0,118,105,6,2,2722,484.071182094408,704.23287328944,0.0,4.247999999999999,3.78,1,2
3,16,127,2,37,18,4240,0,120,110,5,1,2759,490.651135708476,754.02711685536,0.0,4.319999999999999,3.9599999999999995,1,2
4,18,122,1,39,18,4520,0,124,126,5,3,2798,497.586762490872,803.82136042128,0.0,4.4639999999999995,4.536,1,2
2,25,123,1,43,18,4800,0,126,130,3,1,2841,505.233735609924,853.6156039872,0.0,4.536,4.68,1,2
2,29,120,1,45,18,5080,0,131,138,3,1,2886,513.236381897304,903.40984755312,0.0,4.715999999999999,4.968,1,2
1,44,122,0,48,18,5360,0,136,146,1,1,2934,521.772537937176,953.20409111904,0.0,4.896,5.255999999999999,1,2
1,59,125,0,53,18,5640,0,139,141,1,1,2987,531.197876897868,1002.99833468496,0.0,5.004,5.076,1,2
2,78,128,1,56,18,5920,0,145,145,3,1,3043,541.156725611052,1052.79257825088,0.0,5.22,5.22,1,2
2,47,122,1,54,18,5640,0,139,139,3,1,3097,550.759901155908,1002.99833468496,0.0,5.004,5.004,1,2
1,8,123,1,56,18,5360,0,117,117,2,0,3153,560.718749869092,953.20409111904,0.0,4.212,4.212,1,2
4,2,119,1,55,18,5080,0,102,106,5,3,3208,570.499761998112,903.40984755312,0.0,3.6719999999999997,3.816,1,2
3,3,117,1,54,18,4800,0,88,99,4,2,3262,580.102937542968,853.6156039872,0.0,3.1679999999999997,3.5639999999999996,1,2
4,2,113,1,52,18,4520,0,80,86,5,3,3314,589.350439919496,803.82136042128,0.0,2.88,3.0959999999999996,1,2
6,4,111,3,49,18,4240,0,76,75,9,3,3363,598.064432543532,754.02711685536,0.0,2.7359999999999998,2.6999999999999997,1,2
7,3,110,6,46,18,3960,0,74,62,13,1,3409,606.244915415076,704.23287328944,0.0,2.6639999999999997,2.2319999999999998,1,2
7,3,111,6,44,18,3680,0,59,53,13,1,3453,614.069725118292,654.43862972352,0.0,2.1239999999999997,1.908,1,2
7,4,105,7,40,18,3400,0,59,53,14,0,3493,621.183188484852,604.6443861576,0.0,2.1239999999999997,1.908,1,2
7,5,101,8,39,18,3120,0,41,42,15,-1,3532,628.118815267248,554.85014259168,0.0,1.476,1.5119999999999998,1,2
7,6,100,9,34,18,2840,0,43,39,16,-2,3566,634.165259128824,505.05589902576,0.0,1.5479999999999998,1.404,1,2
8,7,97,8,33,18,2560,0,24,28,16,0,3599,640.033866406236,455.26165545984,0.0,0.8639999999999999,1.008,1,2
9,9,98,10,29,34,2280,0,18,26,19,-1,3628,645.191127346992,405.46741189392,0.0,0.6479999999999999,0.9359999999999999,2,2
10,10,93,9,26,34,2000,0,13,24,19,1,3654,649.814878535256,355.673168328,0.0,0.46799999999999997,0.8639999999999999,2,2
7,12,95,8,21,34,2000,0,35,34,15,-1,3675,653.5494468027,355.673168328,0.0,1.26,1.224,2,2
8,12,91,10,23,34,2000,0,30,22,18,-2,3698,657.639688238472,355.673168328,0.0,1.0799999999999998,0.7919999999999999,2,2
8,15,92,10,22,34,2000,0,32,25,18,-2,3720,661.55209309008,355.673168328,0.0,1.152,0.8999999999999999,2,2
7,16,88,11,21,34,2000,0,31,32,18,-4,3741,665.286661357524,355.673168328,0.0,1.1159999999999999,1.152,2,2
8,20,92,12,20,34,2000,0,34,34,20,-4,3761,668.843393040804,355.673168328,0.0,1.224,1.224,2,2
8,23,92,13,20,34,2000,303,29,40,21,-5,3781,672.400124724084,355.673168328,41.164714285671,1.0439999999999998,1.44,2,2
9,25,89,13,18,34,2000,606,25,59,22,-4,3799,675.601183239036,355.673168328,82.329428571342,0.8999999999999999,2.1239999999999997,2,2
10,27,88,13,19,34,2000,909,19,60,23,-3,3818,678.980078338152,355.673168328,123.49414285701302,0.6839999999999999,2.1599999999999997,2,2
10,27,80,13,18,34,2000,1212,14,74,23,-3,3836,682.181136853104,355.673168328,164.658857142684,0.504,2.6639999999999997,2,2
11,28,79,13,18,34,2000,1515,7,83,24,-2,3854,685.382195368056,355.673168328,205.82357142835502,0.252,2.988,2,2
11,26,63,14,17,34,2000,1818,8,92,25,-3,3871,688.405417298844,355.673168328,246.98828571402603,0.288,3.312,2,2
15,20,48,14,19,34,2000,2121,0,88,29,1,3890,691.78431239796,355.673168328,288.15299999969704,0.0,3.1679999999999997,2,2
37,14,30,11,18,34,2000,2424,5,92,48,26,3908,694.985370912912,355.673168328,329.317714285368,0.18,3.312,2,2
77,11,21,11,19,34,2000,2727,4,87,88,66,3927,698.364266012028,355.673168328,370.482428571039,0.144,3.1319999999999997,2,2
73,5,12,10,19,34,2000,3030,4,88,83,63,3946,701.743161111144,355.673168328,411.64714285671005,0.144,3.1679999999999997,2,2
72,3,13,9,20,34,2000,3108,3,83,81,63,3966,705.299892794424,355.673168328,422.243999999556,0.10799999999999998,2.988,2,2
59,3,17,8,18,34,2000,3108,16,85,67,51,3984,708.500951309376,355.673168328,422.243999999556,0.576,3.0599999999999996,2,2
46,4,16,8,19,34,2000,3108,20,75,54,38,4003,711.879846408492,355.673168328,422.243999999556,0.72,2.6999999999999997,2,2
37,5,19,8,20,34,2000,3108,16,73,45,29,4023,715.436578091772,355.673168328,422.243999999556,0.576,2.6279999999999997,2,2
24,9,35,5,20,34,2000,3108,18,71,29,19,4043,718.993309775052,355.673168328,422.243999999556,0.6479999999999999,2.5559999999999996,2,2
14,4,30,6,19,34,2000,3108,21,75,20,8,4062,722.372204874168,355.673168328,422.243999999556,0.7559999999999999,2.6999999999999997,2,2
6,3,28,6,20,34,2000,3108,16,74,12,0,4082,725.928936557448,355.673168328,422.243999999556,0.576,2.6639999999999997,2,2
8,3,22,21,20,34,2000,3108,15,76,29,-13,4102,729.485668240728,355.673168328,422.243999999556,0.5399999999999999,2.7359999999999998,2,2
2,3,17,103,20,34,2000,3108,13,77,105,-101,4122,733.042399924008,355.673168328,422.243999999556,0.46799999999999997,2.772,2,2
4,4,21,125,20,34,2000,3108,11,79,129,-121,4142,736.599131607288,355.673168328,422.243999999556,0.39599999999999996,2.844,2,2
4,3,98,86,20,34,2000,3108,13,77,90,-82,4162,740.155863290568,355.673168328,422.243999999556,0.46799999999999997,2.772,2,2
4,8,388,59,20,34,2000,3108,9,81,63,-55,4182,743.712594973848,355.673168328,422.243999999556,0.32399999999999995,2.916,2,2
6,16,376,37,20,34,2000,2805,18,72,43,-31,4202,747.269326657128,355.673168328,381.07928571388504,0.6479999999999999,2.5919999999999996,2,2
7,25,358,16,21,34,2000,2502,22,60,23,-9,4223,751.003894924572,355.673168328,339.91457142821406,0.7919999999999999,2.1599999999999997,2,2
7,37,301,7,20,34,2000,2199,38,51,14,0,4243,754.560626607852,355.673168328,298.749857142543,1.3679999999999999,1.8359999999999999,2,2
4,52,241,4,20,34,2000,1896,46,43,8,0,4263,758.117358291132,355.673168328,257.58514285687204,1.656,1.5479999999999998,2,2
4,69,203,4,19,34,2000,1593,58,39,8,0,4282,761.496253390248,355.673168328,216.42042857120103,2.0879999999999996,1.404,2,2
6,82,167,7,20,34,2000,1290,61,29,13,-1,4302,765.052985073528,355.673168328,175.25571428553002,2.1959999999999997,1.0439999999999998,2,2
5,92,147,7,19,34,2000,987,68,30,12,-2,4321,768.431880172644,355.673168328,134.090999999859,2.448,1.0799999999999998,2,2
5,95,132,7,20,34,2000,684,62,29,12,-2,4341,771.988611855924,355.673168328,92.92628571418801,2.2319999999999998,1.0439999999999998,2,2
6,99,127,7,19,34,2000,381,62,37,13,-1,4360,775.36750695504,355.673168328,51.761571428517,2.2319999999999998,1.3319999999999999,2,2
7,99,128,8,20,34,2000,78,57,35,15,-1,4380,778.92423863832,355.673168328,10.596857142846002,2.052,1.26,2,2
5,96,128,8,20,34,2000,0,52,40,13,-3,4400,782.4809703216,355.673168328,0.0,1.8719999999999999,1.44,2,2
6,96,135,8,20,34,2000,0,45,47,14,-2,4420,786.03770200488,355.673168328,0.0,1.6199999999999999,1.692,2,2
7,92,138,8,20,35,2000,0,38,54,15,-1,4440,789.59443368816,355.673168328,0.0,1.3679999999999999,1.944,2,3
6,91,143,8,20,35,2280,0,51,64,14,-2,4460,793.15116537144,405.46741189392,0.0,1.8359999999999999,2.304,2,3
6,90,143,8,20,35,2560,0,63,85,14,-2,4480,796.70789705472,455.26165545984,0.0,2.268,3.0599999999999996,2,3
6,92,142,9,23,35,2840,0,70,90,15,-3,4503,800.798138490492,505.05589902576,0.0,2.52,3.2399999999999998,2,3
6,94,136,8,25,35,3120,0,83,99,14,-2,4528,805.244053094592,554.85014259168,0.0,2.988,3.5639999999999996,2,3
5,96,125,9,27,35,3400,0,105,98,14,-4,4555,810.04564086702,604.6443861576,0.0,3.78,3.5279999999999996,2,3
7,101,118,10,31,35,3680,0,109,94,17,-3,4586,815.558574976104,654.43862972352,0.0,3.9239999999999995,3.384,2,3
7,103,111,10,32,35,3960,0,124,107,17,-3,4618,821.249345669352,704.23287328944,0.0,4.4639999999999995,3.852,2,3
8,108,107,11,36,35,4240,0,131,107,19,-3,4654,827.651462699256,754.02711685536,0.0,4.715999999999999,3.852,2,3
6,105,100,9,39,35,4520,0,138,115,15,-3,4693,834.587089481652,803.82136042128,0.0,4.968,4.14,2,3
5,105,100,8,43,35,4800,0,135,124,13,-3,4736,842.234062600704,853.6156039872,0.0,4.859999999999999,4.4639999999999995,2,3
6,107,102,8,45,35,5080,0,139,133,14,-2,4781,850.236708888084,903.40984755312,0.0,5.004,4.787999999999999,2,3
5,103,101,6,48,35,5360,0,142,143,11,-1,4829,858.772864927956,953.20409111904,0.0,5.111999999999999,5.148,2,3
3,103,102,7,54,35,5640,0,139,135,10,-4,4883,868.376040472812,1002.99833468496,0.0,5.004,4.859999999999999,2,3
6,96,101,8,54,35,5920,0,157,150,14,-2,4937,877.979216017668,1052.79257825088,0.0,5.651999999999999,5.3999999999999995,2,3
6,72,67,9,55,35,5640,0,140,134,15,-3,4992,887.760228146688,1002.99833468496,0.0,5.04,4.824,2,3
7,12,17,9,56,35,5360,0,116,121,16,-2,5048,897.719076859872,953.20409111904,0.0,4.175999999999999,4.356,2,3
10,4,6,10,56,35,5080,0,92,111,20,0,5104,907.677925573056,903.40984755312,0.0,3.312,3.9959999999999996,2,3
13,3,3,13,53,35,4800,0,88,109,26,0,5157,917.103264533748,853.6156039872,0.0,3.1679999999999997,3.9239999999999995,2,3
16,3,5,17,52,35,4520,0,76,92,33,-1,5209,926.350766910276,803.82136042128,0.0,2.7359999999999998,3.312,2,3
23,3,8,22,49,35,4240,0,76,77,45,1,5258,935.064759534312,754.02711685536,0.0,2.7359999999999998,2.772,2,3
28,4,7,29,47,35,3960,0,69,61,57,-1,5305,943.42307899002,704.23287328944,0.0,2.484,2.1959999999999997,2,3
29,5,9,34,44,35,3680,0,60,54,63,-5,5349,951.247888693236,654.43862972352,0.0,2.1599999999999997,1.944,2,3
32,5,10,39,40,35,3400,0,58,55,71,-7,5389,958.361352059796,604.6443861576,0.0,2.0879999999999996,1.9799999999999998,2,3
38,6,11,44,40,35,3120,0,40,36,82,-6,5429,965.474815426356,554.85014259168,0.0,1.44,1.2959999999999998,2,3
41,7,12,49,36,35,2840,0,33,33,90,-8,5465,971.87693245626,505.05589902576,0.0,1.188,1.188,2,3
48,9,16,56,32,35,2560,0,29,29,104,-8,5497,977.567703149508,455.26165545984,0.0,1.0439999999999998,1.0439999999999998,2,3
54,10,21,63,29,36,2600,0,41,41,117,-9,5526,982.724964090264,462.3751188264,0.0,1.476,1.476,2,4
60,11,22,70,27,36,2600,303,44,51,130,-10,5553,987.526551862692,462.3751188264,41.164714285671,1.5839999999999999,1.8359999999999999,2,4
65,13,25,76,26,36,2600,606,34,68,141,-11,5579,992.150303050956,462.3751188264,82.329428571342,1.224,2.448,2,4
68,14,30,83,28,36,2600,909,16,69,151,-15,5607,997.129727407548,462.3751188264,123.49414285701302,0.576,2.484,2,4
71,16,36,91,27,36,2600,1212,15,77,162,-20,5634,1001.931315179976,462.3751188264,164.658857142684,0.5399999999999999,2.772,2,4
76,17,46,103,26,36,2600,1515,15,83,179,-27,5660,1006.55506636824,462.3751188264,205.82357142835502,0.5399999999999999,2.988,2,4
77,15,55,113,25,36,2600,1818,18,88,190,-36,5685,1011.00098097234,462.3751188264,246.98828571402603,0.6479999999999999,3.1679999999999997,2,4
76,13,72,120,25,36,2600,2121,12,94,196,-44,5710,1015.44689557644,462.3751188264,288.15299999969704,0.43199999999999994,3.384,2,4
69,9,99,121,24,36,2600,2424,18,98,190,-52,5734,1019.714973596376,462.3751188264,329.317714285368,0.6479999999999999,3.5279999999999996,2,4
63,7,132,122,24,36,2600,2727,15,103,185,-59,5758,1023.983051616312,462.3751188264,370.482428571039,0.5399999999999999,3.7079999999999997,2,4
56,4,175,123,24,36,2600,3030,15,105,179,-67,5782,1028.251129636248,462.3751188264,411.64714285671005,0.5399999999999999,3.78,2,4
56,4,217,127,25,36,2600,3108,12,103,183,-71,5807,1032.697044240348,462.3751188264,422.243999999556,0.43199999999999994,3.7079999999999997,2,4
48,2,259,131,25,36,2600,3108,18,97,179,-83,5832,1037.142958844448,462.3751188264,422.243999999556,0.6479999999999999,3.4919999999999995,2,4
39,3,312,134,25,36,2600,3108,24,93,173,-95,5857,1041.588873448548,462.3751188264,422.243999999556,0.8639999999999999,3.348,2,4
28,5,369,135,25,36,2600,3108,32,86,163,-107,5882,1046.034788052648,462.3751188264,422.243999999556,1.152,3.0959999999999996,2,4
18,5,439,134,26,36,2600,3108,29,82,152,-116,5908,1050.658539240912,462.3751188264,422.243999999556,1.0439999999999998,2.952,2,4
14,5,538,131,26,36,2600,3108,31,81,145,-117,5934,1055.282290429176,462.3751188264,422.243999999556,1.1159999999999999,2.916,2,4
6,5,599,121,25,36,2600,3108,34,85,127,-115,5959,1059.728205033276,462.3751188264,422.243999999556,1.224,3.0599999999999996,2,4
6,4,569,110,25,36,2600,3108,33,87,116,-104,5984,1064.174119637376,462.3751188264,422.243999999556,1.188,3.1319999999999997,2,4
4,3,509,96,26,36,2600,3108,24,89,100,-92,6010,1068.79787082564,462.3751188264,422.243999999556,0.8639999999999999,3.2039999999999997,2,4
3,4,466,76,25,36,2600,3108,25,96,79,-73,6035,1073.24378542974,462.3751188264,422.243999999556,0.8999999999999999,3.4559999999999995,2,4
2,4,429,61,26,36,2600,3108,22,93,63,-59,6061,1077.867536618004,462.3751188264,422.243999999556,0.7919999999999999,3.348,2,4
5,7,337,46,25,36,2600,3108,26,96,51,-41,6086,1082.313451222104,462.3751188264,422.243999999556,0.9359999999999999,3.4559999999999995,2,4
8,11,332,31,26,36,2600,2805,29,87,39,-23,6112,1086.937202410368,462.3751188264,381.07928571388504,1.0439999999999998,3.1319999999999997,2,4
7,18,307,16,26,36,2600,2502,39,76,23,-9,6138,1091.560953598632,462.3751188264,339.91457142821406,1.404,2.7359999999999998,2,4
9,33,267,7,27,36,2600,2199,45,63,16,2,6165,1096.36254137106,462.3751188264,298.749857142543,1.6199999999999999,2.268,2,4
7,45,225,5,26,36,2600,1896,57,58,12,2,6191,1100.986292559324,462.3751188264,257.58514285687204,2.052,2.0879999999999996,2,4
6,59,186,5,25,36,2600,1593,71,51,11,1,6216,1105.432207163424,462.3751188264,216.42042857120103,2.5559999999999996,1.8359999999999999,2,4
7,77,156,7,27,36,2600,1290,70,38,14,0,6243,1110.233794935852,462.3751188264,175.25571428553002,2.52,1.3679999999999999,2,4
5,84,135,7,26,36,2600,987,76,38,12,-2,6269,1114.857546124116,462.3751188264,134.090999999859,2.7359999999999998,1.3679999999999999,2,4
8,95,125,8,26,36,2600,684,73,41,16,0,6295,1119.48129731238,462.3751188264,92.92628571418801,2.6279999999999997,1.476,2,4
6,94,117,7,25,36,2600,381,74,48,13,-1,6320,1123.92721191648,462.3751188264,51.761571428517,2.6639999999999997,1.7279999999999998,2,4
6,96,117,9,26,36,2320,78,54,31,15,-3,6346,1128.550963104744,412.58087526048,10.596857142846002,1.944,1.1159999999999999,2,4
5,95,118,8,26,36,2040,0,29,22,13,-3,6372,1133.174714293008,362.78663169456,0.0,1.0439999999999998,0.7919999999999999,2,4
5,94,122,8,22,36,2000,0,36,38,13,-3,6394,1137.087119144616,355.673168328,0.0,1.2959999999999998,1.3679999999999999,2,4
7,88,128,9,21,20,2000,0,36,44,16,-2,6415,1140.82168741206,355.673168328,0.0,1.2959999999999998,1.5839999999999999,1,4
7,86,128,9,21,20,2280,0,42,60,16,-2,6436,1144.556255679504,405.46741189392,0.0,1.5119999999999998,2.1599999999999997,1,4
8,85,129,8,22,20,2560,0,53,73,16,0,6458,1148.468660531112,455.26165545984,0.0,1.908,2.6279999999999997,1,4
6,86,130,9,24,20,2840,0,68,76,15,-3,6482,1152.736738551048,505.05589902576,0.0,2.448,2.7359999999999998,1,4
7,91,126,9,24,20,3120,0,85,95,16,-2,6506,1157.004816570984,554.85014259168,0.0,3.0599999999999996,3.42,1,4
6,93,123,9,26,20,3400,0,102,100,15,-3,6532,1161.628567759248,604.6443861576,0.0,3.6719999999999997,3.5999999999999996,1,4
7,97,117,11,30,20,3680,0,105,98,18,-4,6562,1166.963665284168,654.43862972352,0.0,3.78,3.5279999999999996,1,4
8,98,111,11,32,20,3960,0,120,105,19,-3,6594,1172.654435977416,704.23287328944,0.0,4.319999999999999,3.78,1,4
8,98,106,11,36,20,4240,0,126,105,19,-3,6630,1179.05655300732,754.02711685536,0.0,4.536,3.78,1,4
9,99,104,11,38,20,4520,0,133,121,20,-2,6668,1185.814343205552,803.82136042128,0.0,4.787999999999999,4.356,1,4
9,102,106,10,42,20,4800,0,133,128,19,-1,6710,1193.28347974044,853.6156039872,0.0,4.787999999999999,4.608,1,4
10,98,100,10,45,20,5080,0,133,134,20,0,6755,1201.28612602782,903.40984755312,0.0,4.787999999999999,4.824,1,4
13,97,95,11,49,20,5360,0,134,138,24,2,6804,1210.000118651856,953.20409111904,0.0,4.824,4.968,1,4
10,88,81,11,53,20,5640,0,148,128,21,-1,6857,1219.425457612548,1002.99833468496,0.0,5.327999999999999,4.608,1,4
13,39,37,13,53,20,5920,0,163,147,26,0,6910,1228.85079657324,1052.79257825088,0.0,5.867999999999999,5.292,1,4
13,7,15,12,54,20,5640,0,140,139,25,1,6964,1238.453972118096,1002.99833468496,0.0,5.04,5.004,1,4
17,5,8,14,56,20,5360,0,111,123,31,3,7020,1248.41282083128,953.20409111904,0.0,3.9959999999999996,4.428,1,4
17,4,8,15,56,20,5080,0,91,109,32,2,7076,1258.371669544464,903.40984755312,0.0,3.276,3.9239999999999995,1,4
22,5,8,17,53,20,4800,0,89,105,39,5,7129,1267.797008505156,853.6156039872,0.0,3.2039999999999997,3.78,1,4
22,5,8,19,51,20,4520,0,82,91,41,3,7180,1276.86667429752,803.82136042128,0.0,2.952,3.276,1,4
32,7,8,26,49,20,4240,0,79,73,58,6,7229,1285.580666921556,754.02711685536,0.0,2.844,2.6279999999999997,1,4
36,8,9,30,47,20,3960,0,68,61,66,6,7276,1293.938986377264,704.23287328944,0.0,2.448,2.1959999999999997,1,4
38,9,9,34,43,20,3680,0,64,57,72,4,7319,1301.585959496316,654.43862972352,0.0,2.304,2.052,1,4
48,10,9,40,40,20,3400,0,60,53,88,8,7359,1308.699422862876,604.6443861576,0.0,2.1599999999999997,1.908,1,4
52,13,11,44,39,20,3120,0,49,35,96,8,7398,1315.635049645272,554.85014259168,0.0,1.7639999999999998,1.26,1,4
57,14,13,49,36,20,2840,0,37,31,106,8,7434,1322.037166675176,505.05589902576,0.0,1.3319999999999999,1.1159999999999999,1,4
65,18,17,55,34,20,2560,0,19,24,120,10,7468,1328.083610536752,455.26165545984,0.0,0.6839999999999999,0.8639999999999999,1,4
74,20,19,63,30,4,2600,0,29,44,137,11,7498,1333.418708061672,462.3751188264,0.0,1.0439999999999998,1.5839999999999999,0,4
83,24,23,69,26,4,2600,-303,47,53,152,14,7524,1338.042459249936,462.3751188264,-41.164714285671,1.692,1.908,0,4
89,27,25,76,27,4,2600,-606,61,32,165,13,7551,1342.844047022364,462.3751188264,-82.329428571342,2.1959999999999997,1.152,0,4
91,29,30,82,28,4,2600,-909,67,17,173,9,7579,1347.823471378956,462.3751188264,-123.49414285701302,2.412,0.612,0,4
103,36,35,89,26,4,2600,-1212,86,11,192,14,7605,1352.44722256722,462.3751188264,-164.658857142684,3.0959999999999996,0.39599999999999996,0,4
114,41,34,92,26,4,2600,-1515,91,6,206,22,7631,1357.070973755484,462.3751188264,-205.82357142835502,3.276,0.21599999999999997,0,4
134,53,33,93,24,4,2600,-1818,100,13,227,41,7655,1361.33905177542,462.3751188264,-246.98828571402603,3.5999999999999996,0.46799999999999997,0,4
155,69,31,93,25,4,2600,-2121,95,12,248,62,7680,1365.78496637952,462.3751188264,-288.15299999969704,3.42,0.43199999999999994,0,4
185,96,25,89,24,4,2600,-2424,100,16,274,96,7704,1370.053044399456,462.3751188264,-329.317714285368,3.5999999999999996,0.576,0,4
207,125,20,87,24,4,2600,-2727,97,21,294,120,7728,1374.321122419392,462.3751188264,-370.482428571039,3.4919999999999995,0.7559999999999999,0,4
212,161,14,76,25,4,2600,-3030,99,14,288,136,7753,1378.767037023492,462.3751188264,-411.64714285671005,3.5639999999999996,0.504,0,4
215,204,13,66,24,4,2600,-3108,103,19,281,149,7777,1383.035115043428,462.3751188264,-422.243999999556,3.7079999999999997,0.6839999999999999,0,4
221,251,20,63,25,4,2600,-3108,96,20,284,158,7802,1387.481029647528,462.3751188264,-422.243999999556,3.4559999999999995,0.72,0,4
233,302,27,57,25,4,2600,-3108,93,24,290,176,7827,1391.926944251628,462.3751188264,-422.243999999556,3.348,0.8639999999999999,0,4
240,349,25,48,25,4,2600,-3108,94,24,288,192,7852,1396.372858855728,462.3751188264,-422.243999999556,3.384,0.8639999999999999,0,4
249,396,29,39,26,4,2600,-3108,85,26,288,210,7878,1400.996610043992,462.3751188264,-422.243999999556,3.0599999999999996,0.9359999999999999,0,4
251,456,35,29,26,4,2600,-3108,84,27,280,222,7904,1405.620361232256,462.3751188264,-422.243999999556,3.0239999999999996,0.972,0,4
248,514,37,21,27,4,2600,-3108,82,21,269,227,7931,1410.421949004684,462.3751188264,-422.243999999556,2.952,0.7559999999999999,0,4
239,515,31,15,25,4,2600,-3108,91,27,254,224,7956,1414.867863608784,462.3751188264,-422.243999999556,3.276,0.972,0,4
228,481,30,13,25,4,2600,-3108,93,26,241,215,7981,1419.313778212884,462.3751188264,-422.243999999556,3.348,0.9359999999999999,0,4
212,438,28,17,26,4,2600,-3108,88,25,229,195,8007,1423.937529401148,462.3751188264,-422.243999999556,3.1679999999999997,0.8999999999999999,0,4
193,404,27,24,26,4,2600,-3108,88,24,217,169,8033,1428.561280589412,462.3751188264,-422.243999999556,3.1679999999999997,0.8639999999999999,0,4
159,345,27,22,25,4,2600,-3108,96,24,181,137,8058,1433.007195193512,462.3751188264,-422.243999999556,3.4559999999999995,0.8639999999999999,0,4
125,318,21,23,26,4,2600,-2805,84,30,148,102,8084,1437.630946381776,462.3751188264,-381.07928571388504,3.0239999999999996,1.0799999999999998,0,4
97,331,19,27,26,4,2600,-2502,73,40,124,70,8110,1442.25469757004,462.3751188264,-339.91457142821406,2.6279999999999997,1.44,0,4
69,312,18,34,26,4,2600,-2199,65,48,103,35,8136,1446.878448758304,462.3751188264,-298.749857142543,2.34,1.7279999999999998,0,4
43,284,16,37,26,4,2600,-1896,59,55,80,6,8162,1451.502199946568,462.3751188264,-257.58514285687204,2.1239999999999997,1.9799999999999998,0,4
26,254,14,38,26,4,2600,-1593,51,63,64,-12,8188,1456.125951134832,462.3751188264,-216.42042857120103,1.8359999999999999,2.268,0,4
20,227,12,38,26,4,2600,-1290,44,70,58,-18,8214,1460.749702323096,462.3751188264,-175.25571428553002,1.5839999999999999,2.52,0,4
26,204,12,37,26,4,2600,-987,43,70,63,-11,8240,1465.37345351136,462.3751188264,-134.090999999859,1.5479999999999998,2.52,0,4
38,195,13,38,26,4,2600,-684,44,70,76,0,8266,1469.997204699624,462.3751188264,-92.92628571418801,1.5839999999999999,2.52,0,4
47,185,11,40,26,4,2600,-381,45,68,87,7,8292,1474.620955887888,462.3751188264,-51.761571428517,1.6199999999999999,2.448,0,4
53,186,14,43,26,4,2320,-78,30,53,96,10,8318,1479.244707076152,412.58087526048,-10.596857142846002,1.0799999999999998,1.908,0,4
55,194,16,46,24,4,2040,0,26,38,101,9,8342,1483.512785096088,362.78663169456,0.0,0.9359999999999999,1.3679999999999999,0,4
53,197,19,49,22,4,2000,0,36,38,102,4,8364,1487.425189947696,355.673168328,0.0,1.2959999999999998,1.3679999999999999,0,4
54,208,23,57,22,5,2000,0,38,34,111,-3,8386,1491.337594799304,355.673168328,0.0,1.3679999999999999,1.224,0,5
55,213,23,60,21,5,2000,-303,50,28,115,-5,8407,1495.072163066748,355.673168328,-41.164714285671,1.7999999999999998,1.008,0,5
54,221,26,64,20,5,2000,-606,66,18,118,-10,8427,1498.628894750028,355.673168328,-82.329428571342,2.376,0.6479999999999999,0,5
58,215,27,68,20,5,2000,-909,74,11,126,-10,8447,1502.185626433308,355.673168328,-123.49414285701302,2.6639999999999997,0.39599999999999996,0,5
71,208,27,69,20,5,2000,-1212,80,4,140,2,8467,1505.742358116588,355.673168328,-164.658857142684,2.88,0.144,0,5
90,195,28,68,19,5,2000,-1515,85,7,158,22,8486,1509.121253215704,355.673168328,-205.82357142835502,3.0599999999999996,0.252,0,5
102,167,25,66,19,5,2000,-1818,89,5,168,36,8505,1512.50014831482,355.673168328,-246.98828571402603,3.2039999999999997,0.18,0,5
107,133,20,63,19,5,2000,-2121,87,7,170,44,8524,1515.879043413936,355.673168328,-288.15299999969704,3.1319999999999997,0.252,0,5
122,100,16,61,19,5,2000,-2424,86,10,183,61,8543,1519.257938513052,355.673168328,-329.317714285368,3.0959999999999996,0.36,0,5
139,78,10,56,19,5,2000,-2727,86,10,195,83,8562,1522.636833612168,355.673168328,-370.482428571039,3.0959999999999996,0.36,0,5
144,103,8,53,19,5,2000,-3030,91,7,197,91,8581,1526.015728711284,355.673168328,-411.64714285671005,3.276,0.252,0,5
137,109,4,48,19,5,2000,-3108,91,8,185,89,8600,1529.3946238104,355.673168328,-422.243999999556,3.276,0.288,0,5
133,118,2,40,20,5,2000,-3108,86,6,173,93,8620,1532.95135549368,355.673168328,-422.243999999556,3.0959999999999996,0.21599999999999997,0,5
133,141,0,37,20,5,2000,-3108,81,12,170,96,8640,1536.50808717696,355.673168328,-422.243999999556,2.916,0.43199999999999994,0,5
131,168,1,29,20,5,2000,-3108,77,15,160,102,8660,1540.06481886024,355.673168328,-422.243999999556,2.772,0.5399999999999999,0,5
129,196,0,24,20,5,2000,-3108,74,18,153,105,8680,1543.62155054352,355.673168328,-422.243999999556,2.6639999999999997,0.6479999999999999,0,5
122,232,1,17,20,5,2000,-3108,73,20,139,105,8700,1547.1782822268,355.673168328,-422.243999999556,2.6279999999999997,0.72,0,5
112,289,0,11,21,5,2000,-3108,71,13,123,101,8721,1550.912850494244,355.673168328,-422.243999999556,2.5559999999999996,0.46799999999999997,0,5
103,304,1,8,20,5,2000,-3108,76,15,111,95,8741,1554.469582177524,355.673168328,-422.243999999556,2.7359999999999998,0.5399999999999999,0,5
89,264,4,4,19,5,2000,-3108,82,17,93,85,8760,1557.84847727664,355.673168328,-422.243999999556,2.952,0.612,0,5
77,232,4,3,21,5,2000,-3108,76,8,80,74,8781,1561.583045544084,355.673168328,-422.243999999556,2.7359999999999998,0.288,0,5
65,207,5,2,20,5,2000,-3108,81,10,67,63,8801,1565.139777227364,355.673168328,-422.243999999556,2.916,0.36,0,5
53,188,11,1,19,5,2000,-3108,85,14,54,52,8820,1568.51867232648,355.673168328,-422.243999999556,3.0599999999999996,0.504,0,5
34,166,24,1,21,5,2000,-2805,71,13,35,33,8841,1572.253240593924,355.673168328,-381.07928571388504,2.5559999999999996,0.46799999999999997,0,5
22,134,41,0,20,5,2000,-2502,66,25,22,22,8861,1575.809972277204,355.673168328,-339.91457142821406,2.376,0.8999999999999999,0,5
11,122,68,1,20,5,2000,-2199,53,38,12,10,8881,1579.366703960484,355.673168328,-298.749857142543,1.908,1.3679999999999999,0,5
7,108,106,1,21,5,2000,-1896,42,41,8,6,8902,1583.101272227928,355.673168328,-257.58514285687204,1.5119999999999998,1.476,0,5
1,94,136,1,20,5,2000,-1593,37,53,2,0,8922,1586.658003911208,355.673168328,-216.42042857120103,1.3319999999999999,1.908,0,5
2,82,166,1,20,5,2000,-1290,32,58,3,1,8942,1590.214735594488,355.673168328,-175.25571428553002,1.152,2.0879999999999996,0,5
2,73,184,1,20,5,2000,-987,29,61,3,1,8962,1593.771467277768,355.673168328,-134.090999999859,1.0439999999999998,2.1959999999999997,0,5
1,66,195,1,20,5,2000,-684,30,60,2,0,8982,1597.328198961048,355.673168328,-92.92628571418801,1.0799999999999998,2.1599999999999997,0,5
1,63,200,1,20,5,2000,-381,32,58,2,0,9002,1600.884930644328,355.673168328,-51.761571428517,1.152,2.0879999999999996,0,5
1,66,202,1,20,5,2000,-78,36,54,2,0,9022,1604.441662327608,355.673168328,-10.596857142846002,1.2959999999999998,1.944,0,5
1,68,198,1,19,5,2000,0,45,53,2,0,9041,1607.820557426724,355.673168328,0.0,1.6199999999999999,1.908,0,5
2,70,192,2,21,5,2000,0,41,43,4,0,9062,1611.555125694168,355.673168328,0.0,1.476,1.5479999999999998,0,5
1,74,183,0,20,21,2000,0,41,49,1,1,9082,1615.111857377448,355.673168328,0.0,1.476,1.7639999999999998,1,5
2,77,175,1,20,21,2280,0,53,60,3,1,9102,1618.668589060728,405.46741189392,0.0,1.908,2.1599999999999997,1,5
2,78,167,0,21,21,2560,0,68,70,2,2,9123,1622.403157328172,455.26165545984,0.0,2.448,2.52,1,5
2,80,162,1,22,21,2840,0,85,80,3,1,9145,1626.31556217978,505.05589902576,0.0,3.0599999999999996,2.88,1,5
1,83,155,1,24,21,3120,0,95,92,2,0,9169,1630.583640199716,554.85014259168,0.0,3.42,3.312,1,5
2,85,150,1,27,21,3400,0,105,97,3,1,9196,1635.385227972144,604.6443861576,0.0,3.78,3.4919999999999995,1,5
1,88,146,2,30,21,3680,0,110,99,3,-1,9226,1640.720325497064,654.43862972352,0.0,3.9599999999999995,3.5639999999999996,1,5
0,91,144,2,33,21,3960,0,115,109,2,-2,9259,1646.588932774476,704.23287328944,0.0,4.14,3.9239999999999995,1,5
4,89,141,0,35,21,4240,0,122,123,4,4,9294,1652.813213220216,754.02711685536,0.0,4.3919999999999995,4.428,1,5
2,90,137,1,39,21,4520,0,124,128,3,1,9333,1659.748840002612,803.82136042128,0.0,4.4639999999999995,4.608,1,5
3,91,136,0,43,21,4800,0,126,133,3,3,9376,1667.395813121664,853.6156039872,0.0,4.536,4.787999999999999,1,5
1,92,133,0,46,21,5080,0,127,137,1,1,9422,1675.576295993208,903.40984755312,0.0,4.572,4.9319999999999995,1,5
2,92,128,0,48,21,5360,0,139,145,2,2,9470,1684.11245203308,953.20409111904,0.0,5.004,5.22,1,5
1,96,130,1,52,21,5640,0,145,144,2,0,9522,1693.359954409608,1002.99833468496,0.0,5.22,5.183999999999999,1,5
3,94,131,0,57,21,5920,0,150,135,3,3,9579,1703.496639706956,1052.79257825088,0.0,5.3999999999999995,4.859999999999999,1,5
3,90,130,0,54,21,6200,0,177,164,3,3,9633,1713.099815251812,1102.5868218168,0.0,6.372,5.904,1,5
3,95,132,0,57,21,6480,0,174,176,3,3,9690,1723.23650054916,1152.38106538272,0.0,6.263999999999999,6.335999999999999,1,5
1,93,131,1,61,21,6760,0,172,184,2,0,9751,1734.084532183164,1202.17530894864,0.0,6.191999999999999,6.624,1,5
0,84,129,0,65,21,7040,0,172,190,0,0,9816,1745.643910153824,1251.96955251456,0.0,6.191999999999999,6.84,1,5
2,85,145,0,68,21,7320,0,181,194,2,2,9884,1757.736797876976,1301.76379608048,0.0,6.515999999999999,6.983999999999999,1,5
1,87,151,0,74,21,7600,0,182,183,1,1,9958,1770.896705105112,1351.5580396464,0.0,6.552,6.587999999999999,1,5
2,85,150,0,73,21,7880,0,203,195,2,2,10031,1783.878775749084,1401.35228321232,0.0,7.308,7.02,1,5
2,84,152,1,75,21,8160,0,211,208,3,1,10106,1797.216519561384,1451.14652677824,0.0,7.595999999999999,7.4879999999999995,1,5
0,80,147,1,79,21,8440,0,210,215,1,-1,10185,1811.26560971034,1500.94077034416,0.0,7.56,7.739999999999999,1,5
0,81,150,1,81,21,8720,0,213,232,1,-1,10266,1825.670373027624,1550.73501391008,0.0,7.667999999999999,8.351999999999999,1,5
0,79,155,1,85,21,8900,0,210,231,1,-1,10351,1840.786482681564,1582.7455990596,0.0,7.56,8.315999999999999,1,5
0,77,155,0,88,21,8900,0,205,217,0,0,10439,1856.436102087996,1582.7455990596,0.0,7.379999999999999,7.811999999999999,1,5
1,80,156,1,92,21,8900,0,193,199,2,0,10531,1872.797067831084,1582.7455990596,0.0,6.9479999999999995,7.164,1,5
0,78,152,0,88,21,8900,0,209,212,0,0,10619,1888.446687237516,1582.7455990596,0.0,7.523999999999999,7.632,1,5
1,81,152,1,92,21,8900,0,193,197,2,0,10711,1904.807652980604,1582.7455990596,0.0,6.9479999999999995,7.092,1,5
2,81,144,0,91,21,8900,0,198,197,2,2,10802,1920.990782139528,1582.7455990596,0.0,7.127999999999999,7.092,1,5
0,78,140,1,90,21,8900,0,200,200,1,-1,10892,1936.996074714288,1582.7455990596,0.0,7.199999999999999,7.199999999999999,1,5
1,76,120,0,90,21,8900,0,202,198,1,1,10982,1953.001367289048,1582.7455990596,0.0,7.271999999999999,7.127999999999999,1,5
2,90,128,1,91,21,8900,0,197,193,3,1,11073,1969.184496447972,1582.7455990596,0.0,7.092,6.9479999999999995,1,5
3,96,127,1,91,21,8900,0,196,192,4,2,11164,1985.367625606896,1582.7455990596,0.0,7.055999999999999,6.911999999999999,1,5
2,96,122,1,92,21,8900,0,187,191,3,1,11256,2001.728591349984,1582.7455990596,0.0,6.731999999999999,6.8759999999999994,1,5
1,99,123,1,92,21,8900,0,188,187,2,0,11348,2018.089557093072,1582.7455990596,0.0,6.768,6.731999999999999,1,5
3,100,120,0,92,21,8900,0,186,186,3,3,11440,2034.45052283616,1582.7455990596,0.0,6.696,6.696,1,5
0,100,114,1,92,21,8900,0,188,180,1,-1,11532,2050.811488579248,1582.7455990596,0.0,6.768,6.4799999999999995,1,5
4,102,116,1,91,21,8900,0,192,181,5,3,11623,2066.994617738172,1582.7455990596,0.0,6.911999999999999,6.515999999999999,1,5
1,100,109,1,91,21,8900,0,186,184,2,0,11714,2083.177746897096,1582.7455990596,0.0,6.696,6.624,1,5
4,100,109,1,92,21,8900,0,176,184,5,3,11806,2099.538712640184,1582.7455990596,0.0,6.335999999999999,6.624,1,5
3,99,103,1,92,21,8900,0,175,182,4,2,11898,2115.899678383272,1582.7455990596,0.0,6.3,6.552,1,5
4,97,115,1,91,21,8900,0,181,180,5,3,11989,2132.082807542196,1582.7455990596,0.0,6.515999999999999,6.4799999999999995,1,5
4,103,115,0,90,21,8900,0,185,182,4,4,12079,2148.088100116956,1582.7455990596,0.0,6.659999999999999,6.552,1,5
3,109,114,0,90,21,8900,0,185,181,3,3,12169,2164.093392691716,1582.7455990596,0.0,6.659999999999999,6.515999999999999,1,5
4,114,113,1,91,21,8900,0,178,179,5,3,12260,2180.27652185064,1582.7455990596,0.0,6.4079999999999995,6.444,1,5
3,115,109,1,91,21,8900,0,179,175,4,2,12351,2196.459651009564,1582.7455990596,0.0,6.444,6.3,1,5
3,120,109,1,90,21,8900,0,182,178,4,2,12441,2212.464943584324,1582.7455990596,0.0,6.552,6.4079999999999995,1,5
5,118,105,0,90,21,8900,0,177,182,5,5,12531,2228.470236159084,1582.7455990596,0.0,6.372,6.552,1,5
3,119,99,1,90,21,8900,0,179,179,4,2,12621,2244.475528733844,1582.7455990596,0.0,6.444,6.444,1,5
4,122,98,0,90,21,8900,0,182,175,4,4,12711,2260.480821308604,1582.7455990596,0.0,6.552,6.3,1,5
3,123,97,0,90,21,8900,0,183,173,3,3,12801,2276.486113883364,1582.7455990596,0.0,6.587999999999999,6.228,1,5
4,126,95,0,89,21,8900,0,184,178,4,4,12890,2292.31356987396,1582.7455990596,0.0,6.624,6.4079999999999995,1,5
5,126,98,0,89,21,8900,0,183,180,5,5,12979,2308.141025864556,1582.7455990596,0.0,6.587999999999999,6.4799999999999995,1,5
3,137,95,1,89,21,8900,0,185,178,4,2,13068,2323.968481855152,1582.7455990596,0.0,6.659999999999999,6.4079999999999995,1,5
4,141,96,1,90,21,8900,0,183,172,5,3,13158,2339.973774429912,1582.7455990596,0.0,6.587999999999999,6.191999999999999,1,5
3,146,94,1,90,21,8900,0,182,172,4,2,13248,2355.979067004672,1582.7455990596,0.0,6.552,6.191999999999999,1,5
4,140,94,1,90,21,8900,0,177,175,5,3,13338,2371.984359579432,1582.7455990596,0.0,6.372,6.3,1,5
4,144,95,1,88,21,8900,0,183,184,5,3,13426,2387.633978985864,1582.7455990596,0.0,6.587999999999999,6.624,1,5
4,146,94,1,89,21,8900,0,180,180,5,3,13515,2403.46143497646,1582.7455990596,0.0,6.4799999999999995,6.4799999999999995,1,5
3,142,94,1,89,21,8900,0,182,178,4,2,13604,2419.288890967056,1582.7455990596,0.0,6.552,6.4079999999999995,1,5
4,144,93,1,89,21,8900,0,184,177,5,3,13693,2435.116346957652,1582.7455990596,0.0,6.624,6.372,1,5
3,146,93,1,89,21,8900,0,182,179,4,2,13782,2450.943802948248,1582.7455990596,0.0,6.552,6.444,1,5
4,145,90,1,89,21,8900,0,180,180,5,3,13871,2466.771258938844,1582.7455990596,0.0,6.4799999999999995,6.4799999999999995,1,5
3,142,83,3,89,21,8900,0,182,178,6,0,13960,2482.59871492944,1582.7455990596,0.0,6.552,6.4079999999999995,1,5
3,141,83,2,89,21,8900,0,182,178,5,1,14049,2498.426170920036,1582.7455990596,0.0,6.552,6.4079999999999995,1,5
2,148,88,2,89,21,8900,0,182,178,4,0,14138,2514.253626910632,1582.7455990596,0.0,6.552,6.4079999999999995,1,5
3,149,86,1,89,21,8900,0,184,177,4,2,14227,2530.081082901228,1582.7455990596,0.0,6.624,6.372,1,5
3,149,85,1,89,21,8900,0,185,175,4,2,14316,2545.908538891824,1582.7455990596,0.0,6.659999999999999,6.3,1,5
5,149,85,2,88,21,8900,0,191,177,7,3,14404,2561.558158298256,1582.7455990596,0.0,6.8759999999999994,6.372,1,5
4,150,85,2,88,21,8900,0,189,180,6,2,14492,2577.207777704688,1582.7455990596,0.0,6.803999999999999,6.4799999999999995,1,5
3,152,88,2,89,21,8900,0,184,178,5,1,14581,2593.035233695284,1582.7455990596,0.0,6.624,6.4079999999999995,1,5
3,148,89,2,90,21,8900,0,177,178,5,1,14671,2609.040526270044,1582.7455990596,0.0,6.372,6.4079999999999995,1,5
3,143,87,2,89,21,8900,0,183,179,5,1,14760,2624.86798226064,1582.7455990596,0.0,6.587999999999999,6.444,1,5
2,142,89,2,89,21,8620,0,167,164,4,0,14849,2640.695438251236,1532.95135549368,0.0,6.012,5.904,1,5
4,140,86,2,87,21,8340,0,160,153,6,2,14936,2656.167221073504,1483.15711192776,0.0,5.76,5.508,1,5
4,132,87,2,86,21,8060,0,148,137,6,2,15022,2671.461167311608,1433.36286836184,0.0,5.327999999999999,4.9319999999999995,1,5
3,119,94,3,83,21,7780,0,137,134,6,0,15105,2686.22160379722,1383.56862479592,0.0,4.9319999999999995,4.824,1,5
4,123,96,2,81,21,7500,0,128,129,6,2,15186,2700.626367114504,1333.77438123,0.0,4.608,4.643999999999999,1,5
4,120,96,2,78,21,7220,0,118,125,6,2,15264,2714.497620679296,1283.98013766408,0.0,4.247999999999999,4.5,1,5
6,121,99,4,75,21,6940,0,115,114,10,2,15339,2727.835364491596,1234.18589409816,0.0,4.14,4.104,1,5
4,117,101,4,73,21,6660,0,108,100,8,0,15412,2740.817435135568,1184.39165053224,0.0,3.888,3.5999999999999996,1,5
5,117,100,4,70,21,6380,0,99,93,9,1,15482,2753.265996027048,1134.59740696632,0.0,3.5639999999999996,3.348,1,5
7,114,105,5,66,21,6100,0,100,93,12,2,15548,2765.003210581872,1084.8031634004,0.0,3.5999999999999996,3.348,1,5
9,112,103,5,62,21,5820,0,97,90,14,4,15610,2776.02907880004,1035.00891983448,0.0,3.4919999999999995,3.2399999999999998,1,5
10,110,100,6,60,21,5540,0,82,87,16,4,15670,2786.69927384988,985.21467626856,0.0,2.952,3.1319999999999997,1,5
13,109,101,8,58,21,5260,0,70,77,21,5,15728,2797.013795731392,935.42043270264,0.0,2.52,2.772,1,5
16,108,104,8,53,21,4980,0,77,72,24,8,15781,2806.439134692084,885.62618913672,0.0,2.772,2.5919999999999996,1,5
15,109,104,10,52,21,4700,0,70,59,25,5,15833,2815.686637068612,835.8319455708,0.0,2.52,2.1239999999999997,1,5
19,102,97,11,47,21,4420,0,77,55,30,8,15880,2824.04495652432,786.03770200488,0.0,2.772,1.9799999999999998,1,5
23,113,67,11,46,21,4140,0,61,45,34,12,15926,2832.225439395864,736.24345843896,0.0,2.1959999999999997,1.6199999999999999,1,5
25,109,14,12,42,21,3860,0,53,48,37,13,15968,2839.694575930752,686.44921487304,0.0,1.908,1.7279999999999998,1,5
31,110,5,14,40,21,3580,0,30,51,45,17,16008,2846.808039297312,636.65497130712,0.0,1.0799999999999998,1.8359999999999999,1,5
28,106,1,16,36,21,3300,0,36,48,44,12,16044,2853.210156327216,586.8607277412,0.0,1.2959999999999998,1.7279999999999998,1,5
31,104,4,16,34,21,3020,0,28,38,47,15,16078,2859.256600188792,537.06648417528,0.0,1.008,1.3679999999999999,1,5
34,100,4,17,30,21,2740,0,37,24,51,17,16108,2864.591697713712,487.27224060936,0.0,1.3319999999999999,0.8639999999999999,1,5
34,97,4,19,28,21,2460,0,32,11,53,15,16136,2869.571122070304,437.47799704344,0.0,1.152,0.39599999999999996,1,5
38,95,5,21,25,21,2180,0,22,10,59,17,16161,2874.017036674404,387.68375347752,0.0,0.7919999999999999,0.36,1,5
40,94,5,22,21,21,2000,0,22,24,62,18,16182,2877.751604941848,355.673168328,0.0,0.7919999999999999,0.8639999999999999,1,5
43,94,4,23,20,21,2000,0,20,32,66,20,16202,2881.308336625128,355.673168328,0.0,0.72,1.152,1,5
46,90,5,25,19,133,2000,0,23,37,71,21,16221,2884.687231724244,355.673168328,0.0,0.828,1.3319999999999999,8,5
45,89,4,25,18,133,2000,0,30,39,70,20,16239,2887.888290239196,355.673168328,0.0,1.0799999999999998,1.404,8,5
47,93,7,27,17,133,2000,0,40,39,74,20,16256,2890.911512169984,355.673168328,0.0,1.44,1.404,8,5
49,95,7,28,18,133,2000,0,37,37,77,21,16274,2894.112570684936,355.673168328,0.0,1.3319999999999999,1.3319999999999999,8,5
52,96,8,31,18,133,2000,0,40,36,83,21,16292,2897.313629199888,355.673168328,0.0,1.44,1.2959999999999998,8,5
51,95,7,32,17,133,2000,0,47,40,83,19,16309,2900.336851130676,355.673168328,0.0,1.692,1.44,8,5
52,97,10,34,17,133,2000,0,50,40,86,18,16326,2903.360073061464,355.673168328,0.0,1.7999999999999998,1.44,8,5
54,94,9,35,18,133,2000,0,48,38,89,19,16344,2906.561131576416,355.673168328,0.0,1.7279999999999998,1.3679999999999999,8,5
57,94,8,36,18,133,2000,0,49,39,93,21,16362,2909.762190091368,355.673168328,0.0,1.7639999999999998,1.404,8,5
61,94,10,38,18,133,2000,0,46,44,99,23,16380,2912.96324860632,355.673168328,0.0,1.656,1.5839999999999999,8,5
61,93,9,38,18,133,2000,0,46,46,99,23,16398,2916.164307121272,355.673168328,0.0,1.656,1.656,8,5
64,88,10,40,19,133,2000,0,39,47,104,24,16417,2919.543202220388,355.673168328,0.0,1.404,1.692,8,5
70,89,11,44,19,133,2000,0,43,45,114,26,16436,2922.922097319504,355.673168328,0.0,1.5479999999999998,1.6199999999999999,8,5
73,86,11,46,18,133,2000,-303,50,46,119,27,16454,2926.123155834456,355.673168328,-41.164714285671,1.7999999999999998,1.656,8,5
76,87,12,48,19,133,2000,-606,61,30,124,28,16473,2929.502050933572,355.673168328,-82.329428571342,2.1959999999999997,1.0799999999999998,8,5
79,84,14,51,19,133,2000,-909,71,21,130,28,16492,2932.880946032688,355.673168328,-123.49414285701302,2.5559999999999996,0.7559999999999999,8,5
87,81,14,53,19,133,2000,-1212,82,11,140,34,16511,2936.259841131804,355.673168328,-164.658857142684,2.952,0.39599999999999996,8,5
94,74,14,54,19,133,2000,-1515,88,6,148,40,16530,2939.63873623092,355.673168328,-205.82357142835502,3.1679999999999997,0.21599999999999997,8,5
106,65,12,51,20,133,2000,-1818,86,2,157,55,16550,2943.1954679142,355.673168328,-246.98828571402603,3.0959999999999996,0.072,8,5
120,67,10,51,19,133,2000,-2121,90,6,171,69,16569,2946.574363013316,355.673168328,-288.15299999969704,3.2399999999999998,0.21599999999999997,8,5
124,86,7,46,19,133,2000,-2424,88,9,170,78,16588,2949.953258112432,355.673168328,-329.317714285368,3.1679999999999997,0.32399999999999995,8,5
120,82,7,42,19,133,2000,-2727,89,9,162,78,16607,2953.332153211548,355.673168328,-370.482428571039,3.2039999999999997,0.32399999999999995,8,5
113,89,3,41,20,133,2000,-3030,88,4,154,72,16627,2956.888884894828,355.673168328,-411.64714285671005,3.1679999999999997,0.144,8,5
113,106,0,36,20,133,2000,-3108,86,6,149,77,16647,2960.445616578108,355.673168328,-422.243999999556,3.0959999999999996,0.21599999999999997,8,5
114,127,0,31,20,133,2000,-3108,80,11,145,83,16667,2964.002348261388,355.673168328,-422.243999999556,2.88,0.39599999999999996,8,5
113,148,0,24,20,133,2000,-3108,77,14,137,89,16687,2967.559079944668,355.673168328,-422.243999999556,2.772,0.504,8,5
110,172,1,19,21,133,2000,-3108,70,14,129,91,16708,2971.293648212112,355.673168328,-422.243999999556,2.52,0.504,8,5
106,203,0,12,19,133,2000,-3108,74,24,118,94,16727,2974.672543311228,355.673168328,-422.243999999556,2.6639999999999997,0.8639999999999999,8,5
96,251,0,7,21,133,2000,-3108,69,15,103,89,16748,2978.407111578672,355.673168328,-422.243999999556,2.484,0.5399999999999999,8,5
87,262,1,6,21,133,2000,-3108,72,10,93,81,16769,2982.141679846116,355.673168328,-422.243999999556,2.5919999999999996,0.36,8,5
77,238,1,4,19,133,2000,-3108,81,16,81,73,16788,2985.520574945232,355.673168328,-422.243999999556,2.916,0.576,8,5
69,201,4,3,21,133,2000,-3108,75,7,72,66,16809,2989.255143212676,355.673168328,-422.243999999556,2.6999999999999997,0.252,8,5
52,177,9,1,19,133,2000,-3108,82,15,53,51,16828,2992.634038311792,355.673168328,-422.243999999556,2.952,0.5399999999999999,8,5
41,146,20,0,21,133,2000,-3108,77,6,41,41,16849,2996.368606579236,355.673168328,-422.243999999556,2.772,0.21599999999999997,8,5
24,136,38,0,20,133,2000,-3108,80,9,24,24,16869,2999.925338262516,355.673168328,-422.243999999556,2.88,0.32399999999999995,8,5
16,129,70,0,20,133,2000,-2805,72,17,16,16,16889,3003.482069945796,355.673168328,-381.07928571388504,2.5919999999999996,0.612,8,5
7,107,108,0,20,133,2000,-2502,63,26,7,7,16909,3007.038801629076,355.673168328,-339.91457142821406,2.268,0.9359999999999999,8,5
3,95,161,0,21,133,2000,-2199,47,34,3,3,16930,3010.77336989652,355.673168328,-298.749857142543,1.692,1.224,8,5
1,72,210,1,20,133,2000,-1896,42,45,2,0,16950,3014.3301015798,355.673168328,-257.58514285687204,1.5119999999999998,1.6199999999999999,8,5
0,61,255,1,19,133,2000,-1593,38,57,1,-1,16969,3017.708996678916,355.673168328,-216.42042857120103,1.3679999999999999,2.052,8,5
1,49,295,3,20,133,2000,-1290,32,57,4,-2,16989,3021.265728362196,355.673168328,-175.25571428553002,1.152,2.052,8,5
1,42,325,4,20,133,2000,-987,33,56,5,-3,17009,3024.822460045476,355.673168328,-134.090999999859,1.188,2.016,8,5
0,39,341,6,20,133,2000,-684,31,58,6,-6,17029,3028.379191728756,355.673168328,-92.92628571418801,1.1159999999999999,2.0879999999999996,8,5
1,36,352,6,20,133,2000,-381,37,52,7,-5,17049,3031.935923412036,355.673168328,-51.761571428517,1.3319999999999999,1.8719999999999999,8,5
1,37,357,7,20,133,2000,-78,38,51,8,-6,17069,3035.492655095316,355.673168328,-10.596857142846002,1.3679999999999999,1.8359999999999999,8,5
1,38,358,6,20,133,2000,0,38,51,7,-5,17089,3039.049386778596,355.673168328,0.0,1.3679999999999999,1.8359999999999999,8,5
0,38,357,5,20,133,2000,0,46,43,5,-5,17109,3042.606118461876,355.673168328,0.0,1.656,1.5479999999999998,8,5
0,42,350,5,21,132,2000,0,25,56,5,-5,17130,3046.34068672932,355.673168328,0.0,0.8999999999999999,2.016,8,4
1,41,344,4,19,132,2280,0,34,84,5,-3,17149,3049.719581828436,405.46741189392,0.0,1.224,3.0239999999999996,8,4
1,42,330,3,20,132,2560,0,51,94,4,-2,17169,3053.276313511716,455.26165545984,0.0,1.8359999999999999,3.384,8,4
1,46,310,3,22,132,2840,0,65,100,4,-2,17191,3057.188718363324,505.05589902576,0.0,2.34,3.5999999999999996,8,4
0,55,278,2,26,132,3120,0,75,96,2,-2,17217,3061.812469551588,554.85014259168,0.0,2.6999999999999997,3.4559999999999995,8,4
1,61,246,0,27,132,3400,0,104,96,1,1,17244,3066.614057324016,604.6443861576,0.0,3.7439999999999998,3.4559999999999995,8,4
1,68,217,1,29,132,3680,0,123,92,2,0,17273,3071.771318264772,654.43862972352,0.0,4.428,3.312,8,4
2,74,194,1,33,132,3960,0,128,94,3,1,17306,3077.639925542184,704.23287328944,0.0,4.608,3.384,8,4
3,78,178,1,37,132,4240,0,131,98,4,2,17343,3084.219879156252,754.02711685536,0.0,4.715999999999999,3.5279999999999996,8,4
2,80,167,0,39,132,4520,0,135,114,2,2,17382,3091.155505938648,803.82136042128,0.0,4.859999999999999,4.104,8,4
1,78,160,0,41,132,4800,0,137,134,1,1,17423,3098.446805889372,853.6156039872,0.0,4.9319999999999995,4.824,8,4
1,78,159,1,47,132,5080,0,123,132,2,0,17470,3106.80512534508,903.40984755312,0.0,4.428,4.752,8,4
0,78,163,1,50,132,5360,0,126,140,1,-1,17520,3115.69695455328,953.20409111904,0.0,4.536,5.04,8,4
1,76,163,0,53,132,5640,0,131,145,1,1,17573,3125.122293513972,1002.99833468496,0.0,4.715999999999999,5.22,8,4
0,78,160,0,52,132,5920,0,146,171,0,0,17625,3134.3697958905,1052.79257825088,0.0,5.255999999999999,6.156,8,4
1,76,155,0,55,132,6200,0,155,178,1,1,17680,3144.15080801952,1102.5868218168,0.0,5.579999999999999,6.4079999999999995,8,4
1,72,167,0,59,132,6480,0,159,174,1,1,17739,3154.643166485196,1152.38106538272,0.0,5.723999999999999,6.263999999999999,8,4
2,76,156,0,63,132,6760,0,170,167,2,2,17802,3165.846871287528,1202.17530894864,0.0,6.119999999999999,6.012,8,4
0,82,150,0,66,132,7040,0,179,171,0,0,17868,3177.584085842352,1251.96955251456,0.0,6.444,6.156,8,4
0,83,143,1,66,132,7320,0,196,189,1,-1,17934,3189.321300397176,1301.76379608048,0.0,7.055999999999999,6.803999999999999,8,4
1,89,138,0,69,132,7600,0,199,200,1,1,18003,3201.592024704492,1351.5580396464,0.0,7.164,7.199999999999999,8,4
2,92,133,0,73,132,7880,0,196,203,2,2,18076,3214.574095348464,1401.35228321232,0.0,7.055999999999999,7.308,8,4
0,90,128,1,78,132,8160,0,193,204,1,-1,18154,3228.445348913256,1451.14652677824,0.0,6.9479999999999995,7.343999999999999,8,4
1,95,126,1,80,132,8440,0,204,210,2,0,18234,3242.672275646376,1500.94077034416,0.0,7.343999999999999,7.56,8,4
2,97,117,1,82,132,8720,0,214,221,3,1,18316,3257.254875547824,1550.73501391008,0.0,7.704,7.9559999999999995,8,4
1,101,116,0,86,132,8900,0,221,208,1,1,18402,3272.548821785928,1582.7455990596,0.0,7.9559999999999995,7.4879999999999995,8,4
1,99,112,0,89,132,8900,0,215,194,1,1,18491,3288.376277776524,1582.7455990596,0.0,7.739999999999999,6.983999999999999,8,4
1,99,114,0,88,132,8900,0,220,197,1,1,18579,3304.025897182956,1582.7455990596,0.0,7.919999999999999,7.092,8,4
3,100,114,0,88,132,8900,0,215,203,3,3,18667,3319.675516589388,1582.7455990596,0.0,7.739999999999999,7.308,8,4
1,103,113,0,91,132,8900,0,195,201,1,1,18758,3335.858645748312,1582.7455990596,0.0,7.02,7.236,8,4
0,97,115,1,90,132,8900,0,193,208,1,-1,18848,3351.863938323072,1582.7455990596,0.0,6.9479999999999995,7.4879999999999995,8,4
1,110,118,0,91,132,8900,0,186,207,1,1,18939,3368.047067481996,1582.7455990596,0.0,6.696,7.451999999999999,8,4
0,110,119,1,91,132,8900,0,187,203,1,-1,19030,3384.23019664092,1582.7455990596,0.0,6.731999999999999,7.308,8,4
2,114,119,0,92,132,8900,0,188,193,2,2,19122,3400.591162384008,1582.7455990596,0.0,6.768,6.9479999999999995,8,4
4,116,116,0,90,132,8900,0,197,196,4,4,19212,3416.596454958768,1582.7455990596,0.0,7.092,7.055999999999999,8,4
2,121,110,1,92,132,8900,0,190,186,3,1,19304,3432.957420701856,1582.7455990596,0.0,6.84,6.696,8,4
3,124,108,1,91,132,8900,0,194,187,4,2,19395,3449.14054986078,1582.7455990596,0.0,6.983999999999999,6.731999999999999,8,4
3,129,103,3,92,132,8900,0,187,184,6,0,19487,3465.501515603868,1582.7455990596,0.0,6.731999999999999,6.624,8,4
3,133,97,2,92,132,8900,0,187,180,5,1,19579,3481.862481346956,1582.7455990596,0.0,6.731999999999999,6.4799999999999995,8,4
3,134,92,2,92,132,8900,0,185,178,5,1,19671,3498.223447090044,1582.7455990596,0.0,6.659999999999999,6.4079999999999995,8,4
3,142,83,1,92,132,8900,0,187,173,4,2,19763,3514.584412833132,1582.7455990596,0.0,6.731999999999999,6.228,8,4
4,139,14,3,91,132,8620,0,174,160,7,1,19854,3530.767541992056,1532.95135549368,0.0,6.263999999999999,5.76,8,4
2,128,7,3,90,132,8340,0,159,146,5,-1,19944,3546.772834566816,1483.15711192776,0.0,5.723999999999999,5.255999999999999,8,4
3,133,6,4,88,132,8060,0,150,133,7,-1,20032,3562.422453973248,1433.36286836184,0.0,5.3999999999999995,4.787999999999999,8,4
3,139,7,4,85,132,7780,0,140,127,7,-1,20117,3577.538563627188,1383.56862479592,0.0,5.04,4.572,8,4
4,140,9,5,81,132,7500,0,136,130,9,-1,20198,3591.943326944472,1333.77438123,0.0,4.896,4.68,8,4
4,139,11,5,80,132,7220,0,120,117,9,-1,20278,3606.170253677592,1283.98013766408,0.0,4.319999999999999,4.212,8,4
6,137,15,5,77,132,6940,0,114,106,11,1,20355,3619.86367065822,1234.18589409816,0.0,4.104,3.816,8,4
5,132,16,5,73,132,6660,0,109,103,10,0,20428,3632.845741302192,1184.39165053224,0.0,3.9239999999999995,3.7079999999999997,8,4
7,133,25,5,70,132,6380,0,98,99,12,2,20498,3645.294302193672,1134.59740696632,0.0,3.5279999999999996,3.5639999999999996,8,4
6,137,34,7,67,132,6100,0,97,93,13,-1,20565,3657.20935333266,1084.8031634004,0.0,3.4919999999999995,3.348,8,4
6,135,48,8,64,132,5820,0,95,80,14,-2,20629,3668.590894719156,1035.00891983448,0.0,3.42,2.88,8,4
9,134,61,9,60,132,5540,0,91,78,18,0,20689,3679.261089768996,985.21467626856,0.0,3.276,2.808,8,4
10,132,50,11,57,132,5260,0,85,71,21,-1,20746,3689.397775066344,935.42043270264,0.0,3.0599999999999996,2.5559999999999996,8,4
11,128,12,11,55,132,4980,0,69,67,22,0,20801,3699.178787195364,885.62618913672,0.0,2.484,2.412,8,4
13,124,4,13,52,132,4700,0,63,67,26,0,20853,3708.426289571892,835.8319455708,0.0,2.268,2.412,8,4
16,129,7,14,47,132,4420,0,66,66,30,2,20900,3716.7846090276,786.03770200488,0.0,2.376,2.376,8,4
21,132,5,16,45,132,4140,0,59,55,37,5,20945,3724.78725531498,736.24345843896,0.0,2.1239999999999997,1.9799999999999998,8,4
22,135,4,18,43,132,3860,0,55,40,40,4,20988,3732.434228434032,686.44921487304,0.0,1.9799999999999998,1.44,8,4
27,132,4,21,40,132,3580,0,43,38,48,6,21028,3739.547691800592,636.65497130712,0.0,1.5479999999999998,1.3679999999999999,8,4
32,133,6,23,36,132,3300,0,41,43,55,9,21064,3745.949808830496,586.8607277412,0.0,1.476,1.5479999999999998,8,4
37,132,7,25,32,132,3020,0,41,41,62,12,21096,3751.640579523744,537.06648417528,0.0,1.476,1.476,8,4
37,130,7,27,32,132,2740,0,22,26,64,10,21128,3757.331350216992,487.27224060936,0.0,0.7919999999999999,0.9359999999999999,8,4
44,131,8,30,28,132,2460,0,22,21,74,14,21156,3762.310774573584,437.47799704344,0.0,0.7919999999999999,0.7559999999999999,8,4
49,132,8,33,25,132,2180,0,18,14,82,16,21181,3766.756689177684,387.68375347752,0.0,0.6479999999999999,0.504,8,4
50,129,9,34,21,132,2000,0,26,19,84,16,21202,3770.491257445128,355.673168328,0.0,0.9359999999999999,0.6839999999999999,8,4
52,132,9,40,19,132,2000,0,33,27,92,12,21221,3773.870152544244,355.673168328,0.0,1.188,0.972,8,4
58,128,9,41,19,128,2000,0,32,29,99,17,21240,3777.24904764336,355.673168328,0.0,1.152,1.0439999999999998,8,0
60,129,13,43,18,128,2000,0,35,35,103,17,21258,3780.450106158312,355.673168328,0.0,1.26,1.26,8,0
62,126,12,44,18,128,2000,0,34,38,106,18,21276,3783.651164673264,355.673168328,0.0,1.224,1.3679999999999999,8,0
64,123,14,46,17,128,2000,-303,43,39,110,18,21293,3786.674386604052,355.673168328,-41.164714285671,1.5479999999999998,1.404,8,0
65,123,13,47,18,128,2000,-606,52,25,112,18,21311,3789.875445119004,355.673168328,-82.329428571342,1.8719999999999999,0.8999999999999999,8,0
68,122,15,49,18,128,2000,-909,63,17,117,19,21329,3793.076503633956,355.673168328,-123.49414285701302,2.268,0.612,8,0
71,120,17,52,18,128,2000,-1212,71,11,123,19,21347,3796.277562148908,355.673168328,-164.658857142684,2.5559999999999996,0.39599999999999996,8,0
74,111,15,51,17,128,2000,-1515,88,4,125,23,21364,3799.300784079696,355.673168328,-205.82357142835502,3.1679999999999997,0.144,8,0
83,97,13,51,17,128,2000,-1818,93,2,134,32,21381,3802.324006010484,355.673168328,-246.98828571402603,3.348,0.072,8,0
94,78,10,48,18,128,2000,-2121,93,2,142,46,21399,3805.525064525436,355.673168328,-288.15299999969704,3.348,0.072,8,0
110,60,9,46,17,128,2000,-2424,95,6,156,64,21416,3808.548286456224,355.673168328,-329.317714285368,3.42,0.21599999999999997,8,0
109,71,5,40,18,128,2000,-2727,89,7,149,69,21434,3811.749344971176,355.673168328,-370.482428571039,3.2039999999999997,0.252,8,0
103,79,3,34,19,128,2000,-3030,85,6,137,69,21453,3815.128240070292,355.673168328,-411.64714285671005,3.0599999999999996,0.21599999999999997,8,0
102,81,0,31,18,128,2000,-3108,86,14,133,71,21471,3818.329298585244,355.673168328,-422.243999999556,3.0959999999999996,0.504,8,0
100,98,0,29,19,128,2000,-3108,80,14,129,71,21490,3821.70819368436,355.673168328,-422.243999999556,2.88,0.504,8,0
97,116,0,23,21,128,2000,-3108,72,8,120,74,21511,3825.442761951804,355.673168328,-422.243999999556,2.5919999999999996,0.288,8,0
97,134,0,18,19,128,2000,-3108,75,19,115,79,21530,3828.82165705092,355.673168328,-422.243999999556,2.6999999999999997,0.6839999999999999,8,0
90,159,0,12,20,128,2000,-3108,71,17,102,78,21550,3832.3783887342,355.673168328,-422.243999999556,2.5559999999999996,0.612,8,0
85,194,0,9,19,128,2000,-3108,75,21,94,76,21569,3835.757283833316,355.673168328,-422.243999999556,2.6999999999999997,0.7559999999999999,8,0
77,213,2,5,20,128,2000,-3108,73,16,82,72,21589,3839.314015516596,355.673168328,-422.243999999556,2.6279999999999997,0.576,8,0
67,201,2,3,20,128,2000,-3108,75,14,70,64,21609,3842.870747199876,355.673168328,-422.243999999556,2.6999999999999997,0.504,8,0
58,172,4,2,20,128,2000,-3108,77,12,60,56,21629,3846.427478883156,355.673168328,-422.243999999556,2.772,0.43199999999999994,8,0
45,154,9,1,19,128,2000,-3108,84,13,46,44,21648,3849.806373982272,355.673168328,-422.243999999556,3.0239999999999996,0.46799999999999997,8,0
36,143,18,1,20,128,2000,-3108,80,10,37,35,21668,3853.363105665552,355.673168328,-422.243999999556,2.88,0.36,8,0
26,117,35,1,20,128,2000,-3108,78,12,27,25,21688,3856.919837348832,355.673168328,-422.243999999556,2.808,0.43199999999999994,8,0
16,95,63,1,21,128,2000,-2805,70,12,17,15,21709,3860.654405616276,355.673168328,-381.07928571388504,2.52,0.43199999999999994,8,0
8,96,105,1,19,128,2000,-2502,67,30,9,7,21728,3864.033300715392,355.673168328,-339.91457142821406,2.412,1.0799999999999998,8,0
4,80,154,1,21,128,2000,-2199,47,35,5,3,21749,3867.767868982836,355.673168328,-298.749857142543,1.692,1.26,8,0
1,65,212,0,20,128,2000,-1896,43,46,1,1,21769,3871.324600666116,355.673168328,-257.58514285687204,1.5479999999999998,1.656,8,0
1,52,262,2,18,128,2000,-1593,45,60,3,-1,21787,3874.525659181068,355.673168328,-216.42042857120103,1.6199999999999999,2.1599999999999997,8,0
0,44,307,2,20,128,2000,-1290,33,58,2,-2,21807,3878.082390864348,355.673168328,-175.25571428553002,1.188,2.0879999999999996,8,0
1,41,339,4,20,128,2000,-987,30,61,5,-3,21827,3881.639122547628,355.673168328,-134.090999999859,1.0799999999999998,2.1959999999999997,8,0
1,37,357,4,20,128,2000,-684,31,60,5,-3,21847,3885.195854230908,355.673168328,-92.92628571418801,1.1159999999999999,2.1599999999999997,8,0
2,36,365,5,20,128,2000,-381,34,57,7,-3,21867,3888.752585914188,355.673168328,-51.761571428517,1.224,2.052,8,0
0,35,365,6,20,128,2000,-78,36,55,6,-6,21887,3892.309317597468,355.673168328,-10.596857142846002,1.2959999999999998,1.9799999999999998,8,0
1,36,359,5,20,128,2000,0,43,48,6,-4,21907,3895.866049280748,355.673168328,0.0,1.5479999999999998,1.7279999999999998,8,0
0,39,351,4,21,128,2000,0,42,41,4,-4,21928,3899.600617548192,355.673168328,0.0,1.5119999999999998,1.476,8,0
1,41,339,3,20,112,2000,0,31,59,4,-2,21948,3903.157349231472,355.673168328,0.0,1.1159999999999999,2.1239999999999997,7,0
1,43,331,3,20,112,2280,0,37,76,4,-2,21968,3906.714080914752,405.46741189392,0.0,1.3319999999999999,2.7359999999999998,7,0
1,44,313,1,21,112,2560,0,51,87,2,0,21989,3910.448649182196,455.26165545984,0.0,1.8359999999999999,3.1319999999999997,7,0
1,47,292,2,22,112,2840,0,66,99,3,-1,22011,3914.361054033804,505.05589902576,0.0,2.376,3.5639999999999996,7,0
2,54,268,1,24,112,3120,0,89,99,3,1,22035,3918.62913205374,554.85014259168,0.0,3.2039999999999997,3.5639999999999996,7,0
0,60,241,1,27,112,3400,0,102,100,1,-1,22062,3923.430719826168,604.6443861576,0.0,3.6719999999999997,3.5999999999999996,7,0
1,65,217,0,30,112,3680,0,113,97,1,1,22092,3928.765817351088,654.43862972352,0.0,4.068,3.4919999999999995,7,0
0,70,194,1,33,112,3960,0,124,99,1,-1,22125,3934.6344246285,704.23287328944,0.0,4.4639999999999995,3.5639999999999996,7,0
1,73,179,1,36,112,4240,0,128,109,2,0,22161,3941.036541658404,754.02711685536,0.0,4.608,3.9239999999999995,7,0
3,75,168,1,40,112,4520,0,128,116,4,2,22201,3948.150005024964,803.82136042128,0.0,4.608,4.175999999999999,7,0
1,77,158,1,42,112,4800,0,135,129,2,0,22243,3955.619141559852,853.6156039872,0.0,4.859999999999999,4.643999999999999,7,0
1,77,151,1,46,112,5080,0,129,134,2,0,22289,3963.799624431396,903.40984755312,0.0,4.643999999999999,4.824,7,0
3,77,158,0,50,112,5360,0,132,135,3,3,22339,3972.691453639596,953.20409111904,0.0,4.752,4.859999999999999,7,0
0,78,154,1,53,112,5640,0,139,138,1,-1,22392,3982.116792600288,1002.99833468496,0.0,5.004,4.968,7,0
1,78,153,0,50,112,5920,0,165,169,1,1,22442,3991.008621808488,1052.79257825088,0.0,5.9399999999999995,6.084,7,0
0,75,151,0,55,112,6200,0,161,176,0,0,22497,4000.789633937508,1102.5868218168,0.0,5.795999999999999,6.335999999999999,7,0
2,79,151,0,60,112,6480,0,154,175,2,2,22557,4011.459828987348,1152.38106538272,0.0,5.544,6.3,7,0
1,73,140,0,62,112,6760,0,168,180,1,1,22619,4022.485697205516,1202.17530894864,0.0,6.047999999999999,6.4799999999999995,7,0
2,75,134,0,66,112,7040,0,172,181,2,2,22685,4034.22291176034,1251.96955251456,0.0,6.191999999999999,6.515999999999999,7,0
1,83,135,0,66,112,7320,0,197,191,1,1,22751,4045.960126315164,1301.76379608048,0.0,7.092,6.8759999999999994,7,0
1,87,133,1,71,112,7600,0,197,190,2,0,22822,4058.586523790808,1351.5580396464,0.0,7.092,6.84,7,0
2,90,131,1,72,112,7880,0,207,201,3,1,22894,4071.390757850616,1401.35228321232,0.0,7.451999999999999,7.236,7,0
0,91,126,1,78,112,8160,0,193,206,1,-1,22972,4085.262011415408,1451.14652677824,0.0,6.9479999999999995,7.4159999999999995,7,0
2,91,124,0,82,112,8440,0,196,206,2,2,23054,4099.844611316856,1500.94077034416,0.0,7.055999999999999,7.4159999999999995,7,0
1,94,121,1,81,112,8720,0,222,220,2,0,23135,4114.24937463414,1550.73501391008,0.0,7.991999999999999,7.919999999999999,7,0
2,92,117,0,86,112,8900,0,219,211,2,2,23221,4129.543320872244,1582.7455990596,0.0,7.8839999999999995,7.595999999999999,7,0
0,97,117,1,88,112,8900,0,210,208,1,-1,23309,4145.192940278676,1582.7455990596,0.0,7.56,7.4879999999999995,7,0
1,98,118,1,90,112,8900,0,205,198,2,0,23399,4161.198232853436,1582.7455990596,0.0,7.379999999999999,7.127999999999999,7,0
1,98,115,1,89,112,8900,0,205,206,2,0,23488,4177.025688844032,1582.7455990596,0.0,7.379999999999999,7.4159999999999995,7,0
1,98,111,1,87,112,8900,0,211,215,2,0,23575,4192.4974716663,1582.7455990596,0.0,7.595999999999999,7.739999999999999,7,0
1,99,109,1,90,112,8900,0,201,204,2,0,23665,4208.50276424106,1582.7455990596,0.0,7.236,7.343999999999999,7,0
1,98,117,1,92,112,8900,0,192,196,2,0,23757,4224.863729984148,1582.7455990596,0.0,6.911999999999999,7.055999999999999,7,0
1,114,114,1,90,112,8900,0,198,202,2,0,23847,4240.869022558908,1582.7455990596,0.0,7.127999999999999,7.271999999999999,7,0
2,116,111,1,92,112,8900,0,192,192,3,1,23939,4257.229988301996,1582.7455990596,0.0,6.911999999999999,6.911999999999999,7,0
2,117,109,2,91,112,8900,0,196,192,4,0,24030,4273.41311746092,1582.7455990596,0.0,7.055999999999999,6.911999999999999,7,0
3,122,106,2,91,112,8900,0,195,191,5,1,24121,4289.596246619844,1582.7455990596,0.0,7.02,6.8759999999999994,7,0
1,125,103,2,92,112,8900,0,190,186,3,-1,24213,4305.957212362932,1582.7455990596,0.0,6.84,6.696,7,0
2,132,100,3,92,112,8900,0,188,185,5,-1,24305,4322.31817810602,1582.7455990596,0.0,6.768,6.659999999999999,7,0
3,136,97,3,92,112,8900,0,186,183,6,0,24397,4338.679143849108,1582.7455990596,0.0,6.696,6.587999999999999,7,0
2,140,93,2,92,112,8900,0,187,179,4,0,24489,4355.040109592196,1582.7455990596,0.0,6.731999999999999,6.444,7,0
4,144,86,3,92,112,8900,0,185,178,7,1,24581,4371.401075335284,1582.7455990596,0.0,6.659999999999999,6.4079999999999995,7,0
3,145,85,3,92,112,8620,0,168,161,6,0,24673,4387.762041078372,1532.95135549368,0.0,6.047999999999999,5.795999999999999,7,0
4,151,83,4,90,112,8340,0,159,148,8,0,24763,4403.767333653132,1483.15711192776,0.0,5.723999999999999,5.327999999999999,7,0
4,137,78,4,87,112,8060,0,153,139,8,0,24850,4419.2391164754,1433.36286836184,0.0,5.508,5.004,7,0
5,147,78,4,84,112,7780,0,145,132,9,1,24934,4434.177389545176,1383.56862479592,0.0,5.22,4.752,7,0
4,154,78,5,82,112,7500,0,137,124,9,-1,25016,4448.759989446624,1333.77438123,0.0,4.9319999999999995,4.4639999999999995,7,0
4,154,74,5,80,112,7220,0,124,115,9,-1,25096,4462.986916179744,1283.98013766408,0.0,4.4639999999999995,4.14,7,0
5,160,77,6,77,112,6940,0,116,106,11,-1,25173,4476.680333160372,1234.18589409816,0.0,4.175999999999999,3.816,7,0
6,160,79,7,74,112,6660,0,108,98,13,-1,25247,4489.840240388508,1184.39165053224,0.0,3.888,3.5279999999999996,7,0
4,160,76,7,70,112,6380,0,102,96,11,-3,25317,4502.288801279988,1134.59740696632,0.0,3.6719999999999997,3.4559999999999995,7,0
4,160,75,8,67,112,6100,0,95,96,12,-4,25384,4514.203852418976,1084.8031634004,0.0,3.42,3.4559999999999995,7,0
7,162,77,9,63,112,5820,0,96,88,16,-2,25447,4525.407557221308,1035.00891983448,0.0,3.4559999999999995,3.1679999999999997,7,0
8,161,73,10,62,112,5540,0,83,73,18,-2,25509,4536.433425439476,985.21467626856,0.0,2.988,2.6279999999999997,7,0
8,165,68,11,57,112,5260,0,83,73,19,-3,25566,4546.570110736824,935.42043270264,0.0,2.988,2.6279999999999997,7,0
8,162,33,12,55,112,4980,0,73,63,20,-4,25621,4556.351122865844,885.62618913672,0.0,2.6279999999999997,2.268,7,0
7,158,7,14,51,112,4700,0,76,62,21,-7,25672,4565.420788658208,835.8319455708,0.0,2.7359999999999998,2.2319999999999998,7,0
10,150,4,15,49,112,4420,0,64,54,25,-5,25721,4574.134781282244,786.03770200488,0.0,2.304,1.944,7,0
12,172,5,15,46,112,4140,0,61,44,27,-3,25767,4582.315264153788,736.24345843896,0.0,2.1959999999999997,1.5839999999999999,7,0
18,170,5,18,42,112,3860,0,62,38,36,0,25809,4589.784400688676,686.44921487304,0.0,2.2319999999999998,1.3679999999999999,7,0
20,162,5,19,39,112,3580,0,48,40,39,1,25848,4596.720027471072,636.65497130712,0.0,1.7279999999999998,1.44,7,0
25,156,4,19,37,112,3300,0,31,45,44,6,25885,4603.29998108514,586.8607277412,0.0,1.1159999999999999,1.6199999999999999,7,0
31,150,3,22,32,112,3020,0,31,49,53,9,25917,4608.990751778388,537.06648417528,0.0,1.1159999999999999,1.7639999999999998,7,0
34,143,4,22,32,112,2740,0,17,30,56,12,25949,4614.681522471636,487.27224060936,0.0,0.612,1.0799999999999998,7,0
39,141,4,25,27,112,2460,0,24,26,64,14,25976,4619.483110244064,437.47799704344,0.0,0.8639999999999999,0.9359999999999999,7,0
39,143,3,26,25,112,2180,0,20,12,65,13,26001,4623.929024848164,387.68375347752,0.0,0.72,0.43199999999999994,7,0
41,144,4,28,22,112,2000,0,24,14,69,13,26023,4627.841429699772,355.673168328,0.0,0.8639999999999999,0.504,7,0
42,149,4,30,20,112,2000,0,33,19,72,12,26043,4631.398161383052,355.673168328,0.0,1.188,0.6839999999999999,7,0
50,144,3,32,18,48,2000,0,34,33,82,18,26061,4634.599219898004,355.673168328,0.0,1.224,1.188,3,0
51,143,4,32,17,48,2000,0,38,39,83,19,26078,4637.622441828792,355.673168328,0.0,1.3679999999999999,1.404,3,0
51,138,4,33,18,48,2000,0,34,38,84,18,26096,4640.823500343744,355.673168328,0.0,1.224,1.3679999999999999,3,0
54,138,6,36,17,48,2000,0,39,43,90,18,26113,4643.846722274532,355.673168328,0.0,1.404,1.5479999999999998,3,0
55,131,4,35,18,48,2000,0,37,41,90,20,26131,4647.047780789484,355.673168328,0.0,1.3319999999999999,1.476,3,0
58,131,5,38,17,48,2000,0,40,48,96,20,26148,4650.071002720272,355.673168328,0.0,1.44,1.7279999999999998,3,0
59,131,4,39,17,48,2000,0,44,47,98,20,26165,4653.09422465106,355.673168328,0.0,1.5839999999999999,1.692,3,0
61,133,4,40,19,48,2000,0,38,41,101,21,26184,4656.473119750176,355.673168328,0.0,1.3679999999999999,1.476,3,0
66,140,5,44,18,48,2000,0,42,46,110,22,26202,4659.674178265128,355.673168328,0.0,1.5119999999999998,1.656,3,0
68,142,5,48,18,48,2000,0,47,43,116,20,26220,4662.87523678008,355.673168328,0.0,1.692,1.5479999999999998,3,0
69,144,5,51,18,48,2000,-303,57,35,120,18,26238,4666.076295295032,355.673168328,-41.164714285671,2.052,1.26,3,0
70,140,4,53,18,48,2000,-606,67,27,123,17,26256,4669.277353809984,355.673168328,-82.329428571342,2.412,0.972,3,0
74,142,6,55,19,48,2000,-909,72,16,129,19,26275,4672.6562489091,355.673168328,-123.49414285701302,2.5919999999999996,0.576,3,0
78,134,4,57,18,48,2000,-1212,84,14,135,21,26293,4675.857307424052,355.673168328,-164.658857142684,3.0239999999999996,0.504,3,0
83,124,5,57,20,48,2000,-1515,81,3,140,26,26313,4679.414039107332,355.673168328,-205.82357142835502,2.916,0.10799999999999998,3,0
92,102,6,55,19,48,2000,-1818,88,4,147,37,26332,4682.792934206448,355.673168328,-246.98828571402603,3.1679999999999997,0.144,3,0
111,82,8,53,19,48,2000,-2121,87,7,164,58,26351,4686.171829305564,355.673168328,-288.15299999969704,3.1319999999999997,0.252,3,0
129,69,8,49,19,48,2000,-2424,85,9,178,80,26370,4689.55072440468,355.673168328,-329.317714285368,3.0599999999999996,0.32399999999999995,3,0
129,90,9,46,19,48,2000,-2727,86,10,175,83,26389,4692.929619503796,355.673168328,-370.482428571039,3.0959999999999996,0.36,3,0
120,90,9,35,20,48,2000,-3030,83,6,155,85,26409,4696.486351187076,355.673168328,-411.64714285671005,2.988,0.21599999999999997,3,0
115,97,12,15,20,48,2000,-3108,85,4,130,100,26429,4700.043082870356,355.673168328,-422.243999999556,3.0599999999999996,0.144,3,0
113,118,14,3,19,48,2000,-3108,85,12,116,110,26448,4703.421977969472,355.673168328,-422.243999999556,3.0599999999999996,0.43199999999999994,3,0
115,133,17,2,19,48,2000,-3108,82,16,117,113,26467,4706.800873068588,355.673168328,-422.243999999556,2.952,0.576,3,0
111,158,21,2,21,48,2000,-3108,71,12,113,109,26488,4710.535441336032,355.673168328,-422.243999999556,2.5559999999999996,0.43199999999999994,3,0
107,187,29,3,20,48,2000,-3108,75,15,110,104,26508,4714.092173019312,355.673168328,-422.243999999556,2.6999999999999997,0.5399999999999999,3,0
100,235,27,5,20,48,2000,-3108,73,17,105,95,26528,4717.648904702592,355.673168328,-422.243999999556,2.6279999999999997,0.612,3,0
91,279,24,6,20,48,2000,-3108,72,18,97,85,26548,4721.205636385872,355.673168328,-422.243999999556,2.5919999999999996,0.6479999999999999,3,0
78,249,25,8,20,48,2000,-3108,72,18,86,70,26568,4724.762368069152,355.673168328,-422.243999999556,2.5919999999999996,0.6479999999999999,3,0
66,210,26,10,20,48,2000,-3108,74,16,76,56,26588,4728.319099752432,355.673168328,-422.243999999556,2.6639999999999997,0.576,3,0
35,181,15,12,20,48,2000,-3108,76,15,47,23,26608,4731.875831435712,355.673168328,-422.243999999556,2.7359999999999998,0.5399999999999999,3,0
9,166,15,12,20,48,2000,-3108,81,9,21,-3,26628,4735.432563118992,355.673168328,-422.243999999556,2.916,0.32399999999999995,3,0
7,146,20,15,20,48,2000,-3108,82,8,22,-8,26648,4738.989294802272,355.673168328,-422.243999999556,2.952,0.288,3,0
10,107,38,17,20,48,2000,-2805,74,16,27,-7,26668,4742.546026485552,355.673168328,-381.07928571388504,2.6639999999999997,0.576,3,0
10,9,67,21,20,48,2000,-2502,67,23,31,-11,26688,4746.102758168832,355.673168328,-339.91457142821406,2.412,0.828,3,0
13,2,109,26,21,48,2000,-2199,49,34,39,-13,26709,4749.837326436276,355.673168328,-298.749857142543,1.7639999999999998,1.224,3,0
16,3,154,30,20,48,2000,-1896,45,44,46,-14,26729,4753.394058119556,355.673168328,-257.58514285687204,1.6199999999999999,1.5839999999999999,3,0
19,4,196,29,20,48,2000,-1593,37,52,48,-10,26749,4756.950789802836,355.673168328,-216.42042857120103,1.3319999999999999,1.8719999999999999,3,0
25,4,231,31,20,48,2000,-1290,30,59,56,-6,26769,4760.507521486116,355.673168328,-175.25571428553002,1.0799999999999998,2.1239999999999997,3,0
28,5,252,27,20,48,2000,-987,27,62,55,1,26789,4764.064253169396,355.673168328,-134.090999999859,0.972,2.2319999999999998,3,0
30,5,264,26,20,48,2000,-684,32,57,56,4,26809,4767.620984852676,355.673168328,-92.92628571418801,1.152,2.052,3,0
28,6,269,24,19,48,2000,-381,39,58,52,4,26828,4770.999879951792,355.673168328,-51.761571428517,1.404,2.0879999999999996,3,0
34,6,271,29,20,48,2000,-78,37,53,63,5,26848,4774.556611635072,355.673168328,-10.596857142846002,1.3319999999999999,1.908,3,0
34,8,266,32,20,48,2000,0,41,49,66,2,26868,4778.113343318352,355.673168328,0.0,1.476,1.7639999999999998,3,0
35,6,259,36,20,48,2000,0,44,46,71,-1,26888,4781.670075001632,355.673168328,0.0,1.5839999999999999,1.656,3,0
38,7,253,41,20,49,2000,0,51,39,79,-3,26908,4785.226806684912,355.673168328,0.0,1.8359999999999999,1.404,3,1
39,8,247,44,20,49,2000,0,52,38,83,-5,26928,4788.783538368192,355.673168328,0.0,1.8719999999999999,1.3679999999999999,3,1
38,7,242,45,20,49,2000,0,52,38,83,-7,26948,4792.340270051472,355.673168328,0.0,1.8719999999999999,1.3679999999999999,3,1
39,8,240,47,20,49,2000,0,48,42,86,-8,26968,4795.897001734752,355.673168328,0.0,1.7279999999999998,1.5119999999999998,3,1
43,9,244,50,20,49,2000,0,44,46,93,-7,26988,4799.453733418032,355.673168328,0.0,1.5839999999999999,1.656,3,1
47,9,246,52,20,49,2000,0,45,45,99,-5,27008,4803.010465101312,355.673168328,0.0,1.6199999999999999,1.6199999999999999,3,1
47,10,246,54,21,49,2000,0,39,43,101,-7,27029,4806.745033368756,355.673168328,0.0,1.404,1.5479999999999998,3,1
50,12,249,58,20,49,2000,0,45,44,108,-8,27049,4810.301765052036,355.673168328,0.0,1.6199999999999999,1.5839999999999999,3,1
56,11,250,60,20,49,2000,0,44,44,116,-4,27069,4813.858496735316,355.673168328,0.0,1.5839999999999999,1.5839999999999999,3,1
58,14,250,61,19,49,2000,303,43,54,119,-3,27088,4817.237391834432,355.673168328,41.164714285671,1.5479999999999998,1.944,3,1
61,15,251,64,20,49,2000,606,30,60,125,-3,27108,4820.794123517712,355.673168328,82.329428571342,1.0799999999999998,2.1599999999999997,3,1
64,15,249,67,20,49,2000,909,22,68,131,-3,27128,4824.350855200992,355.673168328,123.49414285701302,0.7919999999999999,2.448,3,1
67,16,239,70,19,49,2000,1212,19,79,137,-3,27147,4827.729750300108,355.673168328,164.658857142684,0.6839999999999999,2.844,3,1
67,16,229,74,20,49,2000,1515,6,86,141,-7,27167,4831.286481983388,355.673168328,205.82357142835502,0.21599999999999997,3.0959999999999996,3,1
65,15,201,81,20,49,2000,1818,4,88,146,-16,27187,4834.843213666668,355.673168328,246.98828571402603,0.144,3.1679999999999997,3,1
68,13,164,92,20,49,2000,2121,0,91,160,-24,27207,4838.399945349948,355.673168328,288.15299999969704,0.0,3.276,3,1
65,8,123,97,20,49,2000,2424,5,87,162,-32,27227,4841.956677033228,355.673168328,329.317714285368,0.18,3.1319999999999997,3,1
58,6,100,95,19,49,2000,2727,8,91,153,-37,27246,4845.335572132344,355.673168328,370.482428571039,0.288,3.276,3,1
53,4,133,92,20,49,2000,3030,2,90,145,-39,27266,4848.892303815624,355.673168328,411.64714285671005,0.072,3.2399999999999998,3,1
45,3,135,91,20,49,2000,3108,6,86,136,-46,27286,4852.449035498904,355.673168328,422.243999999556,0.21599999999999997,3.0959999999999996,3,1
40,3,155,91,19,49,2000,3108,18,82,131,-51,27305,4855.82793059802,355.673168328,422.243999999556,0.6479999999999999,2.952,3,1
31,3,187,90,21,49,2000,3108,11,74,121,-59,27326,4859.562498865464,355.673168328,422.243999999556,0.39599999999999996,2.6639999999999997,3,1
24,4,215,87,21,49,2000,3108,12,72,111,-63,27347,4863.297067132908,355.673168328,422.243999999556,0.43199999999999994,2.5919999999999996,3,1
18,5,244,85,20,49,2000,3108,17,74,103,-67,27367,4866.853798816188,355.673168328,422.243999999556,0.612,2.6639999999999997,3,1
12,5,296,79,19,49,2000,3108,25,74,91,-67,27386,4870.232693915304,355.673168328,422.243999999556,0.8999999999999999,2.6639999999999997,3,1
7,4,352,69,20,49,2000,3108,21,71,76,-62,27406,4873.789425598584,355.673168328,422.243999999556,0.7559999999999999,2.5559999999999996,3,1
5,4,353,63,20,49,2000,3108,17,75,68,-58,27426,4877.346157281864,355.673168328,422.243999999556,0.612,2.6999999999999997,3,1
3,2,316,54,21,49,2000,3108,12,73,57,-51,27447,4881.080725549308,355.673168328,422.243999999556,0.43199999999999994,2.6279999999999997,3,1
2,3,279,46,20,49,2000,3108,11,80,48,-44,27467,4884.637457232588,355.673168328,422.243999999556,0.39599999999999996,2.88,3,1
2,4,254,34,19,49,2000,3108,16,83,36,-32,27486,4888.016352331704,355.673168328,422.243999999556,0.576,2.988,3,1
5,1,229,25,20,49,2000,3108,13,80,30,-20,27506,4891.573084014984,355.673168328,422.243999999556,0.46799999999999997,2.88,3,1
4,2,207,14,20,49,2000,2805,19,73,18,-10,27526,4895.129815698264,355.673168328,381.07928571388504,0.6839999999999999,2.6279999999999997,3,1
4,2,174,7,21,49,2000,2502,24,61,11,-3,27547,4898.864383965708,355.673168328,339.91457142821406,0.8639999999999999,2.1959999999999997,3,1
8,1,154,4,21,49,2000,2199,31,52,12,4,27568,4902.598952233152,355.673168328,298.749857142543,1.1159999999999999,1.8719999999999999,3,1
8,0,129,3,20,49,2000,1896,45,45,11,5,27588,4906.155683916432,355.673168328,257.58514285687204,1.6199999999999999,1.6199999999999999,3,1
5,2,108,4,19,49,2000,1593,59,39,9,1,27607,4909.534579015548,355.673168328,216.42042857120103,2.1239999999999997,1.404,3,1
5,1,92,5,21,49,2000,1290,58,25,10,0,27628,4913.269147282992,355.673168328,175.25571428553002,2.0879999999999996,0.8999999999999999,3,1
7,2,81,4,19,49,2000,987,68,30,11,3,27647,4916.648042382108,355.673168328,134.090999999859,2.448,1.0799999999999998,3,1
8,4,73,6,20,49,2000,684,62,29,14,2,27667,4920.204774065388,355.673168328,92.92628571418801,2.2319999999999998,1.0439999999999998,3,1
8,3,70,5,20,49,2000,381,58,33,13,3,27687,4923.761505748668,355.673168328,51.761571428517,2.0879999999999996,1.188,3,1
10,1,70,6,20,49,2000,78,55,36,16,4,27707,4927.318237431948,355.673168328,10.596857142846002,1.9799999999999998,1.2959999999999998,3,1
9,2,74,7,20,49,2000,0,48,43,16,2,27727,4930.874969115228,355.673168328,0.0,1.7279999999999998,1.5479999999999998,3,1
7,2,77,6,20,49,2000,0,43,48,13,1,27747,4934.431700798508,355.673168328,0.0,1.5479999999999998,1.7279999999999998,3,1
10,2,80,7,20,33,2000,0,42,49,17,3,27767,4937.988432481788,355.673168328,0.0,1.5119999999999998,1.7639999999999998,2,1
8,2,85,6,20,33,2000,0,40,51,14,2,27787,4941.545164165068,355.673168328,0.0,1.44,1.8359999999999999,2,1
8,2,85,7,19,33,2000,0,43,56,15,1,27806,4944.924059264184,355.673168328,0.0,1.5479999999999998,2.016,2,1
6,2,84,7,20,33,2000,0,41,51,13,-1,27826,4948.480790947464,355.673168328,0.0,1.476,1.8359999999999999,2,1
9,2,84,8,19,33,2000,0,47,53,17,1,27845,4951.85968604658,355.673168328,0.0,1.692,1.908,2,1
7,3,86,8,21,33,2000,0,43,42,15,-1,27866,4955.594254314024,355.673168328,0.0,1.5479999999999998,1.5119999999999998,2,1
7,0,80,8,21,33,2000,0,42,42,15,-1,27887,4959.328822581468,355.673168328,0.0,1.5119999999999998,1.5119999999999998,2,1
10,2,82,9,21,33,2000,303,36,47,19,1,27908,4963.063390848912,355.673168328,41.164714285671,1.2959999999999998,1.692,2,1
9,2,80,8,19,33,2000,606,34,64,17,1,27927,4966.442285948028,355.673168328,82.329428571342,1.224,2.304,2,1
10,1,78,8,21,33,2000,909,23,61,18,2,27948,4970.176854215472,355.673168328,123.49414285701302,0.828,2.1959999999999997,2,1
11,2,74,8,19,33,2000,1212,23,75,19,3,27967,4973.555749314588,355.673168328,164.658857142684,0.828,2.6999999999999997,2,1
16,2,67,8,19,33,2000,1515,17,82,24,8,27986,4976.934644413704,355.673168328,205.82357142835502,0.612,2.952,2,1
20,3,58,9,20,33,2000,1818,1,91,29,11,28006,4980.491376096984,355.673168328,246.98828571402603,0.036,3.276,2,1
22,3,50,9,20,33,2000,2121,1,94,31,13,28026,4984.048107780264,355.673168328,288.15299999969704,0.036,3.384,2,1
7,3,34,10,20,33,2000,2424,0,93,17,-3,28046,4987.604839463544,355.673168328,329.317714285368,0.0,3.348,2,1
4,5,26,9,20,33,2000,2727,2,91,13,-5,28066,4991.161571146824,355.673168328,370.482428571039,0.072,3.276,2,1
4,5,13,8,19,33,2000,3030,7,93,12,-4,28085,4994.54046624594,355.673168328,411.64714285671005,0.252,3.348,2,1
4,4,10,9,20,33,2000,3108,7,86,13,-5,28105,4998.09719792922,355.673168328,422.243999999556,0.252,3.0959999999999996,2,1
2,8,8,6,20,33,2000,3108,14,79,8,-4,28125,5001.6539296125,355.673168328,422.243999999556,0.504,2.844,2,1
2,9,12,5,20,33,2000,3108,15,78,7,-3,28145,5005.21066129578,355.673168328,422.243999999556,0.5399999999999999,2.808,2,1
1,17,12,13,20,33,2000,3108,19,75,14,-12,28165,5008.76739297906,355.673168328,422.243999999556,0.6839999999999999,2.6999999999999997,2,1
5,29,14,29,21,33,2000,3108,16,69,34,-24,28186,5012.501961246504,355.673168328,422.243999999556,0.576,2.484,2,1
5,98,15,39,21,33,2000,3108,13,71,44,-34,28207,5016.236529513948,355.673168328,422.243999999556,0.46799999999999997,2.5559999999999996,2,1
8,22,18,11,19,33,2000,3108,21,78,19,-3,28226,5019.615424613064,355.673168328,422.243999999556,0.7559999999999999,2.808,2,1
10,19,23,3,19,33,2000,3108,21,79,13,7,28245,5022.99431971218,355.673168328,422.243999999556,0.7559999999999999,2.844,2,1
12,24,18,3,22,33,2000,3108,5,73,15,9,28267,5026.906724563788,355.673168328,422.243999999556,0.18,2.6279999999999997,2,1
16,25,103,4,20,33,2000,3108,10,81,20,12,28287,5030.463456247068,355.673168328,422.243999999556,0.36,2.916,2,1
17,15,45,5,20,33,2000,3108,12,79,22,12,28307,5034.020187930348,355.673168328,422.243999999556,0.43199999999999994,2.844,2,1
18,21,8,5,20,33,2000,3108,12,79,23,13,28327,5037.576919613628,355.673168328,422.243999999556,0.43199999999999994,2.844,2,1
26,38,8,8,20,33,2000,2805,20,71,34,18,28347,5041.133651296908,355.673168328,381.07928571388504,0.72,2.5559999999999996,2,1
40,68,5,10,21,33,2000,2502,25,59,50,30,28368,5044.868219564352,355.673168328,339.91457142821406,0.8999999999999999,2.1239999999999997,2,1
42,105,6,14,20,33,2000,2199,34,56,56,28,28388,5048.424951247632,355.673168328,298.749857142543,1.224,2.016,2,1
44,149,4,18,20,33,2000,1896,45,45,62,26,28408,5051.981682930912,355.673168328,257.58514285687204,1.6199999999999999,1.6199999999999999,2,1
45,189,5,19,19,33,2000,1593,63,35,64,26,28427,5055.360578030028,355.673168328,216.42042857120103,2.268,1.26,2,1
33,228,5,26,20,33,2000,1290,63,28,59,7,28447,5058.917309713308,355.673168328,175.25571428553002,2.268,1.008,2,1
28,250,7,32,20,33,2000,987,64,27,60,-4,28467,5062.474041396588,355.673168328,134.090999999859,2.304,0.972,2,1
27,265,8,33,21,33,2000,684,56,27,60,-6,28488,5066.208609664032,355.673168328,92.92628571418801,2.016,0.972,2,1
24,267,8,35,19,33,2000,381,60,38,59,-11,28507,5069.587504763148,355.673168328,51.761571428517,2.1599999999999997,1.3679999999999999,2,1
29,263,8,37,21,33,2000,78,49,34,66,-8,28528,5073.322073030592,355.673168328,10.596857142846002,1.7639999999999998,1.224,2,1
33,259,8,39,19,33,2000,0,51,46,72,-6,28547,5076.700968129708,355.673168328,0.0,1.8359999999999999,1.656,2,1
35,255,10,41,20,33,2000,0,43,48,76,-6,28567,5080.257699812988,355.673168328,0.0,1.5479999999999998,1.7279999999999998,2,1
43,251,10,43,21,32,2000,0,40,43,86,0,28588,5083.992268080432,355.673168328,0.0,1.44,1.5479999999999998,2,0
48,239,9,42,19,32,2000,0,45,53,90,6,28607,5087.371163179548,355.673168328,0.0,1.6199999999999999,1.908,2,0
52,239,11,44,20,32,2000,0,38,53,96,8,28627,5090.927894862828,355.673168328,0.0,1.3679999999999999,1.908,2,0
57,238,12,47,20,32,2000,0,39,52,104,10,28647,5094.484626546108,355.673168328,0.0,1.404,1.8719999999999999,2,0
66,241,13,52,20,32,2000,0,45,46,118,14,28667,5098.041358229388,355.673168328,0.0,1.6199999999999999,1.656,2,0
66,243,17,56,19,32,2000,-303,55,44,122,10,28686,5101.420253328504,355.673168328,-41.164714285671,1.9799999999999998,1.5839999999999999,2,0
67,249,17,59,21,32,2000,-606,59,25,126,8,28707,5105.154821595948,355.673168328,-82.329428571342,2.1239999999999997,0.8999999999999999,2,0
72,249,19,64,20,32,2000,-909,72,19,136,8,28727,5108.711553279228,355.673168328,-123.49414285701302,2.5919999999999996,0.6839999999999999,2,0
81,245,23,66,19,32,2000,-1212,84,14,147,15,28746,5112.090448378344,355.673168328,-164.658857142684,3.0239999999999996,0.504,2,0
101,232,25,65,20,32,2000,-1515,87,5,166,36,28766,5115.647180061624,355.673168328,-205.82357142835502,3.1319999999999997,0.18,2,0
117,204,19,63,20,32,2000,-1818,92,0,180,54,28786,5119.203911744904,355.673168328,-246.98828571402603,3.312,0.0,2,0
129,165,16,60,20,32,2000,-2121,91,1,189,69,28806,5122.760643428184,355.673168328,-288.15299999969704,3.276,0.036,2,0
127,125,11,59,19,32,2000,-2424,93,7,186,68,28825,5126.1395385273,355.673168328,-329.317714285368,3.348,0.252,2,0
163,107,8,57,20,32,2000,-2727,88,6,220,106,28845,5129.69627021058,355.673168328,-370.482428571039,3.1679999999999997,0.21599999999999997,2,0
151,130,6,53,20,32,2000,-3030,87,7,204,98,28865,5133.25300189386,355.673168328,-411.64714285671005,3.1319999999999997,0.252,2,0
134,123,7,46,20,32,2000,-3108,85,8,180,88,28885,5136.80973357714,355.673168328,-422.243999999556,3.0599999999999996,0.288,2,0
139,154,11,40,21,32,2000,-3108,76,10,179,99,28906,5140.544301844584,355.673168328,-422.243999999556,2.7359999999999998,0.36,2,0
141,180,12,36,19,32,2000,-3108,80,20,177,105,28925,5143.9231969437,355.673168328,-422.243999999556,2.88,0.72,2,0
140,205,14,25,20,32,2000,-3108,77,16,165,115,28945,5147.47992862698,355.673168328,-422.243999999556,2.772,0.576,2,0
141,233,20,18,22,32,2000,-3108,67,11,159,123,28967,5151.392333478588,355.673168328,-422.243999999556,2.412,0.39599999999999996,2,0
136,288,25,13,20,32,2000,-3108,74,17,149,123,28987,5154.949065161868,355.673168328,-422.243999999556,2.6639999999999997,0.612,2,0
131,385,15,9,19,32,2000,-3108,82,17,140,122,29006,5158.327960260984,355.673168328,-422.243999999556,2.952,0.612,2,0
119,346,14,6,21,32,2000,-3108,76,8,125,113,29027,5162.062528528428,355.673168328,-422.243999999556,2.7359999999999998,0.288,2,0
107,309,14,6,20,32,2000,-3108,77,14,113,101,29047,5165.619260211708,355.673168328,-422.243999999556,2.772,0.504,2,0
94,260,16,10,20,32,2000,-3108,77,14,104,84,29067,5169.175991894988,355.673168328,-422.243999999556,2.772,0.504,2,0
73,232,15,9,20,32,2000,-3108,77,14,82,64,29087,5172.732723578268,355.673168328,-422.243999999556,2.772,0.504,2,0
60,219,14,10,20,32,2000,-3108,77,14,70,50,29107,5176.289455261548,355.673168328,-422.243999999556,2.772,0.504,2,0
45,192,19,11,20,32,2000,-2805,75,16,56,34,29127,5179.846186944828,355.673168328,-381.07928571388504,2.6999999999999997,0.576,2,0
23,169,37,13,20,32,2000,-2502,68,23,36,10,29147,5183.402918628108,355.673168328,-339.91457142821406,2.448,0.828,2,0
12,139,56,16,21,32,2000,-2199,47,36,28,-4,29168,5187.137486895552,355.673168328,-298.749857142543,1.692,1.2959999999999998,2,0
8,115,84,27,21,32,2000,-1896,42,41,35,-19,29189,5190.872055162996,355.673168328,-257.58514285687204,1.5119999999999998,1.476,2,0
13,97,108,20,18,32,2000,-1593,46,58,33,-7,29207,5194.073113677948,355.673168328,-216.42042857120103,1.656,2.0879999999999996,2,0
19,84,131,15,20,32,2000,-1290,33,59,34,4,29227,5197.629845361228,355.673168328,-175.25571428553002,1.188,2.1239999999999997,2,0
22,71,145,16,20,32,2000,-987,30,61,38,6,29247,5201.186577044508,355.673168328,-134.090999999859,1.0799999999999998,2.1959999999999997,2,0
20,64,157,17,20,32,2000,-684,29,62,37,3,29267,5204.743308727788,355.673168328,-92.92628571418801,1.0439999999999998,2.2319999999999998,2,0
20,66,165,18,21,32,2000,-381,27,57,38,2,29288,5208.477876995232,355.673168328,-51.761571428517,0.972,2.052,2,0
22,65,164,19,20,32,2000,-78,34,56,41,3,29308,5212.034608678512,355.673168328,-10.596857142846002,1.224,2.016,2,0
24,67,159,18,20,32,2000,0,37,53,42,6,29328,5215.591340361792,355.673168328,0.0,1.3319999999999999,1.908,2,0
22,70,154,18,20,32,2000,0,46,44,40,4,29348,5219.148072045072,355.673168328,0.0,1.656,1.5839999999999999,2,0
27,76,148,20,19,16,2000,0,55,43,47,7,29367,5222.526967144188,355.673168328,0.0,1.9799999999999998,1.5479999999999998,1,0
29,79,141,21,20,16,2000,0,53,39,50,8,29387,5226.083698827468,355.673168328,0.0,1.908,1.404,1,0
28,78,137,22,19,16,2000,0,58,41,50,6,29406,5229.462593926584,355.673168328,0.0,2.0879999999999996,1.476,1,0
28,79,135,22,20,16,2000,0,54,38,50,6,29426,5233.019325609864,355.673168328,0.0,1.944,1.3679999999999999,1,0
29,79,135,24,20,16,2000,0,51,42,53,5,29446,5236.576057293144,355.673168328,0.0,1.8359999999999999,1.5119999999999998,1,0
30,81,140,24,21,16,2000,0,43,41,54,6,29467,5240.310625560588,355.673168328,0.0,1.5479999999999998,1.476,1,0
32,77,144,25,21,16,2000,0,39,44,57,7,29488,5244.045193828032,355.673168328,0.0,1.404,1.5839999999999999,1,0
31,73,146,27,19,16,2000,0,45,53,58,4,29507,5247.424088927148,355.673168328,0.0,1.6199999999999999,1.908,1,0
32,73,150,26,20,16,2000,0,42,49,58,6,29527,5250.980820610428,355.673168328,0.0,1.5119999999999998,1.7639999999999998,1,0
36,72,150,29,19,16,2000,0,44,55,65,7,29546,5254.359715709544,355.673168328,0.0,1.5839999999999999,1.9799999999999998,1,0
39,74,150,30,20,16,2000,0,43,49,69,9,29566,5257.916447392824,355.673168328,0.0,1.5479999999999998,1.7639999999999998,1,0
39,74,148,29,21,16,2000,0,39,46,68,10,29587,5261.651015660268,355.673168328,0.0,1.404,1.656,1,0
42,78,147,34,20,16,2000,0,46,45,76,8,29607,5265.207747343548,355.673168328,0.0,1.656,1.6199999999999999,1,0
43,76,141,36,20,16,2000,0,48,44,79,7,29627,5268.764479026828,355.673168328,0.0,1.7279999999999998,1.5839999999999999,1,0
45,81,139,39,20,16,2000,0,49,42,84,6,29647,5272.321210710108,355.673168328,0.0,1.7639999999999998,1.5119999999999998,1,0
48,81,139,42,20,16,2000,0,49,42,90,6,29667,5275.877942393388,355.673168328,0.0,1.7639999999999998,1.5119999999999998,1,0
49,80,135,45,20,16,2000,0,47,44,94,4,29687,5279.434674076668,355.673168328,0.0,1.692,1.5839999999999999,1,0
52,81,133,47,20,16,2000,0,45,46,99,5,29707,5282.991405759948,355.673168328,0.0,1.6199999999999999,1.656,1,0
53,78,135,50,20,16,2000,0,48,44,103,3,29727,5286.548137443228,355.673168328,0.0,1.7279999999999998,1.5839999999999999,1,0
57,80,137,53,20,16,2000,0,47,44,110,4,29747,5290.104869126508,355.673168328,0.0,1.692,1.5839999999999999,1,0
63,79,139,56,20,16,2000,0,45,46,119,7,29767,5293.661600809788,355.673168328,0.0,1.6199999999999999,1.656,1,0
66,79,139,59,20,16,2000,0,44,48,125,7,29787,5297.218332493068,355.673168328,0.0,1.5839999999999999,1.7279999999999998,1,0
71,79,139,61,20,16,2000,0,44,47,132,10,29807,5300.775064176348,355.673168328,0.0,1.5839999999999999,1.692,1,0
73,79,138,65,20,16,2000,0,44,47,138,8,29827,5304.331795859628,355.673168328,0.0,1.5839999999999999,1.692,1,0
80,79,138,70,20,16,2000,0,44,47,150,10,29847,5307.888527542908,355.673168328,0.0,1.5839999999999999,1.692,1,0
83,80,138,76,21,16,2000,0,40,43,159,7,29868,5311.623095810352,355.673168328,0.0,1.44,1.5479999999999998,1,0
88,82,139,80,20,16,2000,0,47,43,168,8,29888,5315.179827493632,355.673168328,0.0,1.692,1.5479999999999998,1,0
96,85,144,88,20,16,2000,0,47,43,184,8,29908,5318.736559176912,355.673168328,0.0,1.692,1.5479999999999998,1,0
102,86,150,96,20,16,2000,0,45,45,198,6,29928,5322.293290860192,355.673168328,0.0,1.6199999999999999,1.6199999999999999,1,0
110,91,160,102,20,16,2000,0,45,45,212,8,29948,5325.850022543472,355.673168328,0.0,1.6199999999999999,1.6199999999999999,1,0
116,97,173,110,19,16,2000,0,49,49,226,6,29967,5329.228917642588,355.673168328,0.0,1.7639999999999998,1.7639999999999998,1,0
125,104,179,120,21,16,2000,0,42,42,245,5,29988,5332.963485910032,355.673168328,0.0,1.5119999999999998,1.5119999999999998,1,0
133,117,182,130,19,16,2000,0,47,51,263,3,30007,5336.342381009148,355.673168328,0.0,1.692,1.8359999999999999,1,0
145,121,184,138,20,16,2000,0,46,45,283,7,30027,5339.899112692428,355.673168328,0.0,1.656,1.6199999999999999,1,0
149,125,181,152,20,16,1720,0,30,30,301,-3,30047,5343.455844375708,305.87892476208,0.0,1.0799999999999998,1.0799999999999998,1,0
165,122,175,170,19,16,1440,0,17,17,335,-5,30066,5346.834739474824,256.08468119616,0.0,0.612,0.612,1,0
177,120,171,188,16,16,1160,0,11,11,365,-11,30082,5349.680124821448,206.29043763024,0.0,0.39599999999999996,0.39599999999999996,1,0
192,127,180,203,13,16,880,0,6,2,395,-11,30095,5351.99200041558,156.49619406432,0.0,0.21599999999999997,0.072,1,0
201,135,191,218,12,16,600,0,6,6,419,-17,30107,5354.126039425548,106.7019504984,0.0,0.21599999999999997,0.21599999999999997,1,0
214,143,204,232,10,16,320,0,17,17,446,-18,30117,5355.904405267188,56.90770693248,0.0,0.612,0.612,1,0
227,157,224,249,12,16,300,0,3,6,476,-22,30129,5358.038444277156,53.3509752492,0.0,0.10799999999999998,0.21599999999999997,1,0
228,159,234,270,11,16,300,0,15,8,498,-42,30140,5359.99464670296,53.3509752492,0.0,0.5399999999999999,0.288,1,0
243,177,253,288,12,16,300,0,13,10,531,-45,30152,5362.128685712928,53.3509752492,0.0,0.46799999999999997,0.36,1,0
252,188,263,302,11,16,300,0,11,14,554,-50,30163,5364.084888138732,53.3509752492,0.0,0.39599999999999996,0.504,1,0
