Front Left,Left Angle,Right Angle,Front Right,edgeLeftFast,edgeLeftSlow,edgeRightFast,edgeRightSlow,Distance Count,Maze Location,Forward Speed count,Rotation Speed count,Left Motor Volts Scaled,Right Motor Volts Scaled,Cross Track Error,Steering Correction,loopTick,Front sum,Front diff,Distance Count Travelled,Distance MM,Profile Forward Speed mm,Profile Rotation Speed deg,LeftVolts,RightVolts,Maze X,Maze Y,time_s,Speed_mm_s
1,28,169,1,57,48,170,167,12,0,1400,0,63,67,0,0,4561,2,0,12,2.1340390099680002,248.9712178296,0.0,2.268,2.412,0,0,0.0,0.0
1,32,166,0,48,46,169,167,20,0,1960,0,76,72,0,0,4563,1,1,32,5.690770693248,348.55970496144,0.0,2.7359999999999998,2.5919999999999996,0,0,0.02,177.836584164
1,34,163,0,45,45,168,167,14,0,2000,0,78,71,0,0,4564,1,1,46,8.180482871544,355.673168328,0.0,2.808,2.5559999999999996,0,0,0.03,248.97121782959996
1,36,161,0,43,44,167,167,18,0,2000,0,66,59,0,0,4565,1,1,64,11.381541386496,355.673168328,0.0,2.376,2.1239999999999997,0,0,0.04,320.1058514952
0,40,159,0,42,44,165,167,19,0,2000,0,67,52,0,0,4566,0,0,83,14.760436485612,355.673168328,0.0,2.412,1.8719999999999999,0,0,0.05,337.8895099116
2,47,160,1,43,44,164,167,20,0,2000,0,59,53,0,0,4567,3,1,103,18.317168168892,355.673168328,0.0,2.1239999999999997,1.908,0,0,0.06,355.6731683280001
0,52,158,0,45,45,163,166,20,0,2000,0,58,55,0,0,4568,0,0,123,21.873899852172,355.673168328,0.0,2.0879999999999996,1.9799999999999998,0,0,0.07,355.6731683279996
1,60,164,1,48,46,163,166,19,0,2000,0,60,60,0,0,4569,2,0,142,25.252794951288,355.673168328,0.0,2.1599999999999997,2.1599999999999997,0,0,0.08,337.8895099116002
1,67,163,0,52,47,163,166,20,0,2000,0,55,59,0,0,4570,1,1,162,28.809526634568,355.673168328,0.0,1.9799999999999998,2.1239999999999997,0,0,0.09,355.67316832800043
0,70,161,0,56,48,163,166,21,0,2000,0,51,54,0,0,4571,0,0,183,32.544094902012,355.673168328,0.0,1.8359999999999999,1.944,0,0,0.1,373.4568267443994
3,74,160,0,60,50,162,166,21,0,2000,0,51,54,0,0,4572,3,3,204,36.278663169456,355.673168328,0.0,1.8359999999999999,1.944,0,0,0.11,373.4568267444006
2,74,158,1,63,52,161,166,21,0,2000,0,50,53,0,0,4573,3,1,225,40.0132314369,355.673168328,0.0,1.7999999999999998,1.908,0,0,0.12,373.4568267443999
1,75,148,1,65,53,158,165,21,0,2000,0,53,49,0,0,4574,2,0,246,43.747799704344,355.673168328,0.0,1.908,1.7639999999999998,0,0,0.13,373.4568267443994
1,77,144,1,67,55,155,164,22,0,2000,0,48,45,0,0,4575,2,0,268,47.660204555952,355.673168328,0.0,1.7279999999999998,1.6199999999999999,0,0,0.14,391.2404851607999
1,78,153,1,69,56,155,163,22,0,2000,0,47,44,0,0,4576,2,0,290,51.57260940756,355.673168328,0.0,1.692,1.5839999999999999,0,0,0.15,391.240485160801
1,79,157,1,71,57,155,163,21,0,2000,0,48,49,0,0,4577,2,0,311,55.307177675004,355.673168328,0.0,1.7279999999999998,1.7639999999999998,0,0,0.16,373.4568267443994
1,75,155,1,72,58,155,163,22,0,2000,0,42,46,0,0,4578,2,0,333,59.219582526612,355.673168328,0.0,1.5119999999999998,1.656,0,0,0.17,391.2404851607999
1,79,159,1,73,59,156,163,21,0,2000,0,47,46,0,0,4579,2,0,354,62.954150794056,355.673168328,0.0,1.692,1.656,0,0,0.18,373.4568267444004
0,77,158,0,74,60,156,163,22,0,2000,0,42,42,0,0,4580,0,0,376,66.866555645664,355.673168328,0.0,1.5119999999999998,1.5119999999999998,0,0,0.19,391.24048516079915
0,81,161,0,75,61,157,163,20,0,2000,0,51,47,0,0,4581,0,0,396,70.423287328944,355.673168328,0.0,1.8359999999999999,1.692,0,0,0.2,355.67316832800026
3,80,160,1,76,62,158,163,21,0,2000,0,47,43,0,0,4582,4,2,417,74.157855596388,355.673168328,0.0,1.692,1.5479999999999998,0,0,0.21,373.4568267444011
3,77,157,1,76,63,158,163,20,0,2000,0,48,49,0,0,4583,4,2,437,77.714587279668,355.673168328,0.0,1.7279999999999998,1.7639999999999998,0,0,0.22,355.67316832799884
1,77,154,1,76,64,157,162,21,0,2000,0,43,46,0,0,4584,2,0,458,81.449155547112,355.673168328,0.0,1.5479999999999998,1.656,0,0,0.23,373.4568267444001
2,79,155,0,77,65,157,162,20,0,2000,0,48,48,0,0,4585,2,2,478,85.005887230392,355.673168328,0.0,1.7279999999999998,1.7279999999999998,0,0,0.24,355.6731683280013
1,78,153,0,77,66,156,161,20,0,2000,0,50,46,0,0,4586,1,1,498,88.562618913672,355.673168328,0.0,1.7999999999999998,1.656,0,0,0.25,355.67316832799884
2,77,154,0,77,67,156,161,20,0,2000,0,49,46,0,0,4587,2,2,518,92.119350596952,355.673168328,0.0,1.7639999999999998,1.656,0,0,0.26,355.67316832800026
3,78,153,0,77,68,155,161,20,0,2000,0,48,48,0,0,4588,3,3,538,95.676082280232,355.673168328,0.0,1.7279999999999998,1.7279999999999998,0,0,0.27,355.67316832799884
1,80,153,1,78,69,155,161,20,0,2000,0,46,50,0,0,4589,2,0,558,99.232813963512,355.673168328,0.0,1.656,1.7999999999999998,0,0,0.28,355.67316832800026
1,80,153,1,78,70,155,161,20,0,2000,0,48,48,0,0,4590,2,0,578,102.789545646792,355.673168328,0.0,1.7279999999999998,1.7279999999999998,0,0,0.29,355.67316832800225
0,80,150,1,78,71,154,160,20,0,2000,0,48,48,0,0,4591,1,-1,598,106.346277330072,355.673168328,0.0,1.7279999999999998,1.7279999999999998,0,0,0.3,355.67316832799884
2,84,152,1,79,72,154,160,20,0,2000,0,50,46,0,0,4592,3,1,618,109.903009013352,355.673168328,0.0,1.7999999999999998,1.656,0,0,0.31,355.67316832800026
1,82,150,1,80,73,153,159,20,0,2000,0,51,44,0,0,4593,2,0,638,113.459740696632,355.673168328,0.0,1.8359999999999999,1.5839999999999999,0,0,0.32,355.67316832799884
2,81,148,1,80,74,152,158,20,0,2000,0,51,44,0,0,4594,3,1,658,117.016472379912,355.673168328,0.0,1.8359999999999999,1.5839999999999999,0,0,0.33,355.67316832800026
2,84,150,1,81,75,152,158,20,0,2000,0,49,46,0,0,4595,3,1,678,120.573204063192,355.673168328,0.0,1.7639999999999998,1.656,0,0,0.34,355.67316832799884
2,82,149,1,81,75,151,157,20,0,2000,0,48,48,0,0,4596,3,1,698,124.129935746472,355.673168328,0.0,1.7279999999999998,1.7279999999999998,0,0,0.35,355.67316832800225
1,82,150,1,81,75,151,157,20,0,2000,0,48,48,0,0,4597,2,0,718,127.686667429752,355.673168328,0.0,1.7279999999999998,1.7279999999999998,0,0,0.36,355.67316832800026
2,80,150,1,81,75,151,157,20,0,2000,0,48,48,0,0,4598,3,1,738,131.243399113032,355.673168328,0.0,1.7279999999999998,1.7279999999999998,0,0,0.37,355.67316832800026
2,81,149,1,81,75,151,157,21,0,2000,0,44,44,0,0,4599,3,1,759,134.977967380476,355.673168328,0.0,1.5839999999999999,1.5839999999999999,0,0,0.38,373.45682674439865
1,79,148,1,81,75,150,156,20,0,2000,0,47,47,0,0,4600,2,0,779,138.534699063756,355.673168328,0.0,1.692,1.692,0,0,0.39,355.67316832799884
2,80,149,1,81,75,150,156,20,0,2000,0,45,49,0,0,4601,3,1,799,142.091430747036,355.673168328,0.0,1.6199999999999999,1.7639999999999998,0,0,0.4,355.67316832799884
2,84,152,1,82,76,150,156,20,0,2000,0,48,47,0,0,4602,3,1,819,145.648162430316,355.673168328,0.0,1.7279999999999998,1.692,0,0,0.41,355.67316832800367
2,82,148,1,82,76,150,156,20,0,2000,0,47,47,0,0,4603,3,1,839,149.204894113596,355.673168328,0.0,1.692,1.692,0,0,0.42,355.67316832799884
4,83,147,1,82,76,149,155,20,0,2000,0,49,45,0,0,4604,5,3,859,152.761625796876,355.673168328,0.0,1.7639999999999998,1.6199999999999999,0,0,0.43,355.67316832799884
2,83,146,1,82,76,148,154,20,0,2000,0,49,46,0,0,4605,3,1,879,156.318357480156,355.673168328,0.0,1.7639999999999998,1.656,0,0,0.44,355.6731683280017
1,83,145,0,82,76,147,153,20,0,2000,0,49,46,0,0,4606,1,1,899,159.875089163436,355.673168328,0.0,1.7639999999999998,1.656,0,0,0.45,355.67316832799884
3,81,142,1,82,76,146,152,20,0,2000,0,47,48,0,0,4607,4,2,919,163.431820846716,355.673168328,0.0,1.692,1.7279999999999998,0,0,0.46,355.67316832799884
2,85,147,1,83,77,146,152,20,0,2000,0,47,47,0,0,4608,3,1,939,166.988552529996,355.673168328,0.0,1.692,1.692,0,0,0.47,355.67316832800367
3,84,141,1,83,77,145,151,20,0,2000,0,47,47,0,0,4609,4,2,959,170.545284213276,355.673168328,0.0,1.692,1.692,0,0,0.48,355.67316832799884
2,84,143,1,83,77,145,151,20,0,2000,0,47,47,0,0,4610,3,1,979,174.102015896556,355.673168328,0.0,1.692,1.692,0,0,0.49,355.67316832799884
2,82,139,0,83,77,144,150,20,0,2000,0,47,47,0,0,4611,2,2,999,177.658747579836,355.673168328,0.0,1.692,1.692,0,0,0.5,355.67316832799884
1,84,139,0,83,77,143,149,20,0,2000,0,47,47,0,0,4612,1,1,1019,181.215479263116,355.673168328,0.0,1.692,1.692,0,0,0.51,355.6731683280017
2,86,140,1,84,78,142,148,20,0,2000,0,49,45,0,0,4613,3,1,1039,184.772210946396,355.673168328,0.0,1.7639999999999998,1.6199999999999999,0,0,0.52,355.67316832799884
3,85,138,0,84,78,141,147,20,0,2000,0,49,46,0,0,4614,3,3,1059,188.328942629676,355.673168328,0.0,1.7639999999999998,1.656,0,0,0.53,355.67316832799884
3,83,137,0,84,78,140,146,21,0,2000,0,45,42,0,0,4615,3,3,1080,192.06351089712,355.673168328,0.0,1.6199999999999999,1.5119999999999998,0,0,0.54,373.4568267444015
2,85,138,1,84,78,140,146,19,0,2000,0,50,51,0,0,4616,3,1,1099,195.442405996236,355.673168328,0.0,1.7999999999999998,1.8359999999999999,0,0,0.55,337.8895099115991
4,83,139,2,84,78,140,146,20,0,2000,0,49,45,0,0,4617,6,2,1119,198.999137679516,355.673168328,0.0,1.7639999999999998,1.6199999999999999,0,0,0.56,355.67316832799884
2,81,137,1,83,78,139,145,20,0,2000,0,47,48,0,0,4618,3,1,1139,202.555869362796,355.673168328,0.0,1.692,1.7279999999999998,0,0,0.57,355.6731683280028
2,75,132,1,81,78,138,144,20,0,2000,0,47,47,0,0,4619,3,1,1159,206.112601046076,355.673168328,0.0,1.692,1.692,0,0,0.58,355.6731683280017
1,63,136,1,77,77,138,144,20,0,2000,0,47,47,0,0,4620,2,0,1179,209.669332729356,355.673168328,0.0,1.692,1.692,0,0,0.59,355.67316832799884
2,46,139,1,71,75,138,144,20,0,2000,0,49,45,0,0,4621,3,1,1199,213.226064412636,355.673168328,0.0,1.7639999999999998,1.6199999999999999,0,0,0.6,355.67316832799884
1,26,148,1,62,72,140,144,20,0,2000,0,49,46,0,0,4622,2,0,1219,216.782796095916,355.673168328,0.0,1.7639999999999998,1.656,0,0,0.61,355.6731683280017
1,13,147,1,52,68,141,144,20,0,2000,0,49,46,0,0,4623,2,0,1239,220.339527779196,355.673168328,0.0,1.7639999999999998,1.656,0,0,0.62,355.67316832799884
1,7,147,0,43,64,142,144,20,0,2000,0,49,46,0,0,4624,1,1,1259,223.896259462476,355.673168328,0.0,1.7639999999999998,1.656,0,0,0.63,355.67316832799884
3,6,147,0,36,60,143,144,20,0,2000,0,47,48,0,0,4625,3,3,1279,227.452991145756,355.673168328,0.0,1.692,1.7279999999999998,0,0,0.64,355.67316832799884
1,4,145,1,30,57,143,144,20,0,2000,0,47,47,0,0,4626,2,0,1299,231.009722829036,355.673168328,0.0,1.692,1.692,0,0,0.65,355.6731683280017
1,2,148,1,24,54,144,144,20,0,2000,0,47,47,0,0,4627,2,0,1319,234.566454512316,355.673168328,0.0,1.692,1.692,0,0,0.66,355.67316832799884
2,2,146,0,20,51,144,144,20,0,2000,0,49,45,0,0,4628,2,2,1339,238.123186195596,355.673168328,0.0,1.7639999999999998,1.6199999999999999,0,0,0.67,355.67316832799884
1,1,144,1,16,48,144,144,20,0,2000,0,47,48,0,0,4629,2,0,1359,241.679917878876,355.673168328,0.0,1.692,1.7279999999999998,0,0,0.68,355.6731683280017
1,2,144,1,13,45,144,144,20,0,2000,0,47,47,0,0,4630,2,0,1379,245.236649562156,355.673168328,0.0,1.692,1.692,0,0,0.69,355.6731683280028
1,1,143,2,11,42,144,144,20,0,2000,0,47,47,0,0,4631,3,-1,1399,248.793381245436,355.673168328,0.0,1.692,1.692,0,0,0.7,355.67316832799884
0,2,146,1,9,40,144,144,20,0,2000,0,47,47,0,0,4632,1,-1,1419,252.350112928716,355.673168328,0.0,1.692,1.692,0,0,0.71,355.67316832799884
1,1,144,1,7,38,144,144,20,0,2000,0,49,45,0,0,4633,2,0,1439,255.906844611996,355.673168328,0.0,1.7639999999999998,1.6199999999999999,0,0,0.72,355.6731683280017
2,2,142,1,6,36,144,144,20,0,2000,0,47,48,0,0,4634,3,1,1459,259.463576295276,355.673168328,0.0,1.692,1.7279999999999998,0,0,0.73,355.6731683280017
1,0,142,1,5,34,144,144,20,0,2000,0,47,47,0,0,4635,2,0,1479,263.020307978556,355.673168328,0.0,1.692,1.692,0,0,0.74,355.673168327996
2,1,142,1,4,32,144,144,20,0,2000,0,47,47,0,0,4636,3,1,1499,266.577039661836,355.673168328,0.0,1.692,1.692,0,0,0.75,355.6731683280017
1,1,142,1,3,30,144,144,20,0,2000,0,49,45,0,0,4637,2,0,1519,270.133771345116,355.673168328,0.0,1.7639999999999998,1.6199999999999999,0,0,0.76,355.673168327996
1,1,140,1,3,28,143,144,19,0,2000,0,51,51,0,0,4638,2,0,1538,273.512666444232,355.673168328,0.0,1.8359999999999999,1.8359999999999999,0,0,0.77,337.88950991160476
2,1,143,1,3,26,143,144,21,0,2000,0,44,44,0,0,4639,3,1,1559,277.247234711676,355.673168328,0.0,1.5839999999999999,1.5839999999999999,0,0,0.78,373.45682674439865
3,2,140,0,3,25,142,144,20,0,2000,0,47,47,0,0,4640,3,3,1579,280.803966394956,355.673168328,0.0,1.692,1.692,0,0,0.79,355.673168327996
2,1,138,1,3,24,141,144,20,0,2000,0,47,47,0,0,4641,3,1,1599,284.360698078236,355.673168328,0.0,1.692,1.692,0,0,0.8,355.6731683280017
3,1,136,1,3,23,140,144,20,0,2000,0,47,47,0,0,4642,4,2,1619,287.917429761516,355.673168328,0.0,1.692,1.692,0,0,0.81,355.6731683280017
2,1,136,1,3,22,139,144,20,0,2000,0,51,43,0,0,4643,3,1,1639,291.474161444796,355.673168328,0.0,1.8359999999999999,1.5479999999999998,0,0,0.82,355.673168328
1,1,134,1,3,21,138,143,20,0,2000,0,49,46,0,0,4644,2,0,1659,295.030893128076,355.673168328,0.0,1.7639999999999998,1.656,0,0,0.83,355.6731683280017
1,0,132,1,2,20,137,142,20,0,2000,0,47,48,0,0,4645,2,0,1679,298.587624811356,355.673168328,0.0,1.692,1.7279999999999998,0,0,0.84,355.6731683280017
2,1,137,0,2,19,137,142,20,0,2000,0,47,47,0,0,4646,2,2,1699,302.144356494636,355.673168328,0.0,1.692,1.692,0,0,0.85,355.673168327996
0,1,136,0,2,18,137,142,20,0,2000,0,49,45,0,0,4647,0,0,1719,305.701088177916,355.673168328,0.0,1.7639999999999998,1.6199999999999999,0,0,0.86,355.6731683280017
1,1,134,2,2,17,136,142,21,0,2000,0,45,42,0,0,4648,3,-1,1740,309.43565644536,355.673168328,0.0,1.6199999999999999,1.5119999999999998,0,0,0.87,373.45682674439865
1,3,136,0,2,16,136,142,19,0,2000,0,50,51,0,0,4649,1,1,1759,312.814551544476,355.673168328,0.0,1.7999999999999998,1.8359999999999999,0,0,0.88,337.8895099115991
1,1,134,1,2,15,136,142,20,0,2000,0,47,47,0,0,4650,2,0,1779,316.371283227756,355.673168328,0.0,1.692,1.692,0,0,0.89,355.6731683280017
2,1,135,1,2,14,136,142,20,0,2000,0,49,45,0,0,4651,3,1,1799,319.928014911036,355.673168328,0.0,1.7639999999999998,1.6199999999999999,0,0,0.9,355.673168327996
2,0,136,1,2,13,136,142,20,0,2000,0,49,46,0,0,4652,3,1,1819,323.484746594316,355.673168328,0.0,1.7639999999999998,1.656,0,0,0.91,355.6731683280017
1,0,136,1,2,12,136,142,20,0,2000,0,49,46,0,0,4653,2,0,1839,327.041478277596,355.673168328,0.0,1.7639999999999998,1.656,0,0,0.92,355.6731683280017
2,1,135,1,2,11,136,142,20,0,2000,0,47,48,0,0,4654,3,1,1859,330.598209960876,355.673168328,0.0,1.692,1.7279999999999998,0,0,0.93,355.673168327996
1,1,135,1,2,10,136,142,20,0,2000,0,47,47,0,0,4655,2,0,1879,334.154941644156,355.673168328,0.0,1.692,1.692,0,0,0.94,355.67316832800566
1,1,133,2,2,9,135,141,20,0,2000,0,49,45,0,0,4656,3,-1,1899,337.711673327436,355.673168328,0.0,1.7639999999999998,1.6199999999999999,0,0,0.95,355.6731683280017
3,0,136,0,2,8,135,141,20,0,2000,0,47,48,0,0,4657,3,3,1919,341.268405010716,355.673168328,0.0,1.692,1.7279999999999998,0,0,0.96,355.673168327996
2,0,137,1,2,8,135,141,20,0,2000,0,47,47,0,0,4658,3,1,1939,344.825136693996,355.673168328,0.0,1.692,1.692,0,0,0.97,355.6731683280017
1,1,137,1,2,8,135,141,20,0,2000,0,45,49,0,0,4659,2,0,1959,348.381868377276,355.673168328,0.0,1.6199999999999999,1.7639999999999998,0,0,0.98,355.6731683280017
2,0,132,0,2,8,134,140,20,0,2000,0,48,47,0,0,4660,2,2,1979,351.938600060556,355.673168328,0.0,1.7279999999999998,1.692,0,0,0.99,355.673168327996
3,2,134,1,2,8,134,140,20,0,2000,0,47,47,0,0,4661,4,2,1999,355.495331743836,355.673168328,0.0,1.692,1.692,0,0,1.0,355.6731683280017
2,1,132,1,2,8,134,140,20,0,2000,0,49,45,0,0,4662,3,1,2019,359.052063427116,355.673168328,0.0,1.7639999999999998,1.6199999999999999,0,0,1.01,355.6731683280017
3,1,130,0,2,8,133,139,20,0,2000,0,49,46,0,0,4663,3,3,2039,362.608795110396,355.673168328,0.0,1.7639999999999998,1.656,0,0,1.02,355.673168327996
2,2,127,1,2,8,132,138,20,0,2000,0,49,46,0,0,4664,3,1,2059,366.165526793676,355.673168328,0.0,1.7639999999999998,1.656,0,0,1.03,355.6731683280017
2,5,129,1,3,8,131,137,20,0,2000,0,49,46,0,0,4665,3,1,2079,369.722258476956,355.673168328,0.0,1.7639999999999998,1.656,0,0,1.04,355.673168327996
2,15,125,1,5,8,130,136,20,0,2000,0,49,46,0,0,4666,3,1,2099,373.278990160236,355.673168328,0.0,1.7639999999999998,1.656,0,0,1.05,355.6731683280017
3,30,127,1,10,9,129,135,20,0,2000,0,47,48,0,0,4667,4,2,2119,376.835721843516,355.673168328,0.0,1.692,1.7279999999999998,0,0,1.06,355.6731683280017
2,53,128,1,19,12,129,135,20,0,2000,0,45,49,0,0,4668,3,1,2139,380.392453526796,355.673168328,0.0,1.6199999999999999,1.7639999999999998,0,0,1.07,355.673168327996
3,60,123,2,27,15,128,134,20,0,2000,0,46,49,0,0,4669,5,1,2159,383.949185210076,355.673168328,0.0,1.656,1.7639999999999998,0,0,1.08,355.6731683280017
2,73,120,1,36,19,126,133,20,0,2000,0,48,47,0,0,4670,3,1,2179,387.505916893356,355.673168328,0.0,1.7279999999999998,1.692,0,0,1.09,355.6731683280017
1,81,114,1,45,23,124,132,20,0,2000,0,49,45,0,0,4671,2,0,2199,391.062648576636,355.673168328,0.0,1.7639999999999998,1.6199999999999999,0,0,1.1,355.673168327996
2,79,108,0,52,27,121,131,20,0,2000,0,49,46,0,0,4672,2,2,2219,394.619380259916,355.673168328,0.0,1.7639999999999998,1.656,0,0,1.11,355.6731683280017
4,84,112,1,58,31,119,130,20,0,2000,0,49,46,0,0,4673,5,3,2239,398.176111943196,355.673168328,0.0,1.7639999999999998,1.656,0,0,1.12,355.6731683280017
2,87,116,2,64,35,118,129,20,0,2000,0,49,46,0,0,4674,4,0,2259,401.732843626476,355.673168328,0.0,1.7639999999999998,1.656,0,0,1.13,355.6731683280039
1,92,113,1,70,39,117,128,21,0,2000,0,45,42,0,0,4675,2,0,2280,405.46741189392,355.673168328,0.0,1.6199999999999999,1.5119999999999998,0,0,1.14,373.45682674439865
1,94,117,1,75,42,117,127,20,0,2000,0,48,45,0,0,4676,2,0,2300,409.0241435772,355.673168328,0.0,1.7279999999999998,1.6199999999999999,0,0,1.15,355.6731683280017
4,95,121,1,79,45,118,127,20,0,2000,0,48,45,0,0,4677,5,3,2320,412.58087526048,355.673168328,0.0,1.7279999999999998,1.6199999999999999,0,0,1.16,355.6731683280017
2,96,122,2,82,48,119,127,19,0,2000,0,50,51,0,0,4678,4,0,2339,415.959770359596,355.673168328,0.0,1.7999999999999998,1.8359999999999999,0,0,1.17,337.8895099115991
2,96,121,1,85,51,119,127,21,0,2000,0,43,43,0,0,4679,3,1,2360,419.69433862704,355.673168328,0.0,1.5479999999999998,1.5479999999999998,0,0,1.18,373.45682674439865
2,95,119,1,87,54,119,127,20,0,2000,0,47,47,0,0,4680,3,1,2380,423.25107031032,355.673168328,0.0,1.692,1.692,0,0,1.19,355.6731683280017
4,94,118,2,88,57,119,126,19,0,2000,0,51,51,0,0,4681,6,2,2399,426.629965409436,355.673168328,0.0,1.8359999999999999,1.8359999999999999,0,0,1.2,337.8895099115991
2,97,123,1,90,60,120,126,21,0,2000,0,43,43,0,0,4682,3,1,2420,430.36453367688,355.673168328,0.0,1.5479999999999998,1.5479999999999998,0,0,1.21,373.45682674439865
4,95,119,2,91,62,120,126,20,0,2000,0,47,47,0,0,4683,6,2,2440,433.92126536016,355.673168328,0.0,1.692,1.692,0,0,1.22,355.6731683280017
2,96,121,2,92,64,120,126,19,0,2000,0,51,51,0,0,4684,4,0,2459,437.300160459276,355.673168328,0.0,1.8359999999999999,1.8359999999999999,0,0,1.23,337.8895099115991
2,96,117,2,93,66,119,125,20,0,2000,0,49,45,0,0,4685,4,0,2479,440.856892142556,355.673168328,0.0,1.7639999999999998,1.6199999999999999,0,0,1.24,355.673168327996
1,96,117,1,94,68,119,125,21,0,2000,0,45,42,0,0,4686,2,0,2500,444.59146041,355.673168328,0.0,1.6199999999999999,1.5119999999999998,0,0,1.25,373.45682674440434
2,95,116,1,94,70,118,124,19,0,2000,0,50,51,0,0,4687,3,1,2519,447.970355509116,355.673168328,0.0,1.7999999999999998,1.8359999999999999,0,0,1.26,337.8895099115991
3,96,118,1,94,72,118,124,20,0,2000,0,49,45,0,0,4688,4,2,2539,451.527087192396,355.673168328,0.0,1.7639999999999998,1.6199999999999999,0,0,1.27,355.673168327996
1,95,115,2,94,73,117,123,20,0,2000,0,49,46,0,0,4689,3,-1,2559,455.083818875676,355.673168328,0.0,1.7639999999999998,1.656,0,0,1.28,355.6731683280017
4,96,115,1,94,74,117,123,20,0,2000,0,47,48,0,0,4690,5,3,2579,458.640550558956,355.673168328,0.0,1.692,1.7279999999999998,0,0,1.29,355.6731683280017
3,97,117,1,95,75,117,123,20,0,2000,0,45,49,0,0,4691,4,2,2599,462.197282242236,355.673168328,0.0,1.6199999999999999,1.7639999999999998,0,0,1.3,355.673168327996
2,96,114,1,95,76,116,122,20,0,2000,0,46,49,0,0,4692,3,1,2619,465.754013925516,355.673168328,0.0,1.656,1.7639999999999998,0,0,1.31,355.6731683280017
4,96,113,2,95,77,115,121,20,0,2000,0,48,47,0,0,4693,6,2,2639,469.310745608796,355.673168328,0.0,1.7279999999999998,1.692,0,0,1.32,355.6731683280017
4,100,116,2,96,78,115,121,20,0,2000,0,49,45,0,0,4694,6,2,2659,472.867477292076,355.673168328,0.0,1.7639999999999998,1.6199999999999999,0,0,1.33,355.673168327996
3,102,115,1,97,80,115,121,20,0,2000,0,49,46,0,0,4695,4,2,2679,476.424208975356,355.673168328,0.0,1.7639999999999998,1.656,0,0,1.34,355.6731683280017
3,101,112,1,98,81,114,120,19,0,2000,0,51,51,0,0,4696,4,2,2698,479.803104074472,355.673168328,0.0,1.8359999999999999,1.8359999999999999,0,0,1.35,337.8895099115991
3,102,112,2,99,82,114,120,20,0,2000,0,50,46,0,0,4697,5,1,2718,483.359835757752,355.673168328,0.0,1.7999999999999998,1.656,0,0,1.36,355.6731683280017
4,100,109,2,99,83,113,119,20,0,2000,0,49,46,0,0,4698,6,2,2738,486.916567441032,355.673168328,0.0,1.7639999999999998,1.656,0,0,1.37,355.673168327996
2,102,108,2,100,84,112,118,20,0,2000,0,49,46,0,0,4699,4,0,2758,490.473299124312,355.673168328,0.0,1.7639999999999998,1.656,0,0,1.38,355.6731683280096
3,101,106,2,100,85,111,117,21,0,2000,0,46,42,0,0,4700,5,1,2779,494.207867391756,355.673168328,0.0,1.656,1.5119999999999998,0,0,1.39,373.45682674439865
3,102,108,2,100,86,110,116,20,0,2000,0,49,46,0,0,4701,5,1,2799,497.764599075036,355.673168328,0.0,1.7639999999999998,1.656,0,0,1.4,355.6731683280017
3,105,109,2,101,87,110,116,20,0,2000,0,47,48,0,0,4702,5,1,2819,501.321330758316,355.673168328,0.0,1.692,1.7279999999999998,0,0,1.41,355.673168327996
1,101,108,2,101,88,110,116,20,0,2000,0,47,47,0,0,4703,3,-1,2839,504.878062441596,355.673168328,0.0,1.692,1.692,0,0,1.42,355.6731683280017
3,105,109,1,102,89,110,116,21,0,2000,0,41,45,0,0,4704,4,2,2860,508.61263070904,355.673168328,0.0,1.476,1.6199999999999999,0,0,1.43,373.45682674439865
3,104,109,2,102,90,110,116,20,0,2000,0,47,46,0,0,4705,5,1,2880,512.16936239232,355.673168328,0.0,1.692,1.656,0,0,1.44,355.673168327996
1,105,108,3,103,91,110,116,20,0,2000,0,49,45,0,0,4706,4,-2,2900,515.7260940756,355.673168328,0.0,1.7639999999999998,1.6199999999999999,0,0,1.45,355.67316832800736
3,104,106,2,103,92,109,115,19,0,2000,0,52,49,0,0,4707,5,1,2919,519.104989174716,355.673168328,0.0,1.8719999999999999,1.7639999999999998,0,0,1.46,337.8895099115991
2,103,104,3,103,93,108,114,21,0,2000,0,45,42,0,0,4708,5,-1,2940,522.83955744216,355.673168328,0.0,1.6199999999999999,1.5119999999999998,0,0,1.47,373.45682674439297
4,105,107,3,103,94,108,114,19,0,2000,0,52,49,0,0,4709,7,1,2959,526.218452541276,355.673168328,0.0,1.8719999999999999,1.7639999999999998,0,0,1.48,337.8895099115991
2,103,103,3,103,95,107,113,20,0,2000,0,47,48,0,0,4710,5,-1,2979,529.775184224556,355.673168328,0.0,1.692,1.7279999999999998,0,0,1.49,355.67316832800736
3,103,102,3,103,96,106,112,20,0,2000,0,47,47,0,0,4711,6,0,2999,533.331915907836,355.673168328,0.0,1.692,1.692,0,0,1.5,355.673168327996
4,104,105,3,103,97,106,112,20,0,2000,0,49,45,0,0,4712,7,1,3019,536.888647591116,355.673168328,0.0,1.7639999999999998,1.6199999999999999,0,0,1.51,355.673168327996
3,105,104,3,103,98,106,112,20,0,2000,0,47,48,0,0,4713,6,0,3039,540.445379274396,355.673168328,0.0,1.692,1.7279999999999998,0,0,1.52,355.67316832800736
4,102,105,3,103,98,106,112,20,0,2000,0,45,49,0,0,4714,7,1,3059,544.002110957676,355.673168328,0.0,1.6199999999999999,1.7639999999999998,0,0,1.53,355.673168327996
4,103,105,3,103,98,106,112,20,0,2000,0,48,47,0,0,4715,7,1,3079,547.558842640956,355.673168328,0.0,1.7279999999999998,1.692,0,0,1.54,355.673168327996
3,106,103,3,104,99,105,111,20,0,2000,0,47,47,0,0,4716,6,0,3099,551.115574324236,355.673168328,0.0,1.692,1.692,0,0,1.55,355.67316832800736
5,106,101,1,104,99,104,110,20,0,2000,0,47,47,0,0,4717,6,4,3119,554.672306007516,355.673168328,0.0,1.692,1.692,0,0,1.56,355.673168327996
4,106,100,3,104,99,103,109,20,0,2000,0,49,45,0,0,4718,7,1,3139,558.229037690796,355.673168328,0.0,1.7639999999999998,1.6199999999999999,0,0,1.57,355.673168327996
4,105,98,3,104,99,102,108,20,0,2000,0,49,46,0,0,4719,7,1,3159,561.785769374076,355.673168328,0.0,1.7639999999999998,1.656,0,0,1.58,355.67316832800736
2,104,93,3,104,99,100,107,20,0,2000,0,47,48,0,0,4720,5,-1,3179,565.342501057356,355.673168328,0.0,1.692,1.7279999999999998,0,0,1.59,355.673168327996
3,105,93,3,104,99,99,106,20,0,2000,0,45,49,0,0,4721,6,0,3199,568.899232740636,355.673168328,0.0,1.6199999999999999,1.7639999999999998,0,0,1.6,355.673168327996
4,105,95,3,104,99,98,105,20,0,2000,0,48,47,0,0,4722,7,1,3219,572.455964423916,355.673168328,0.0,1.7279999999999998,1.692,0,0,1.61,355.67316832800736
3,111,98,4,105,100,98,105,20,0,2000,0,49,45,0,0,4723,7,-1,3239,576.012696107196,355.673168328,0.0,1.7639999999999998,1.6199999999999999,0,0,1.62,355.673168327996
4,121,100,4,108,101,98,105,20,0,2000,0,49,46,0,0,4724,8,0,3259,579.569427790476,355.673168328,0.0,1.7639999999999998,1.656,0,0,1.63,355.6731683280039
3,121,98,4,111,102,98,105,19,0,2000,0,51,51,0,0,4725,7,-1,3278,582.948322889592,355.673168328,0.0,1.8359999999999999,1.8359999999999999,0,0,1.64,337.8895099115991
4,124,100,3,114,103,98,105,21,0,2000,0,44,44,0,0,4726,7,1,3299,586.682891157036,355.673168328,0.0,1.5839999999999999,1.5839999999999999,0,0,1.65,373.45682674440434
2,120,98,4,115,104,98,105,21,0,2000,0,43,43,0,0,4727,6,-2,3320,590.41745942448,355.673168328,0.0,1.5479999999999998,1.5479999999999998,0,0,1.66,373.45682674439297
5,126,101,4,117,105,99,105,19,0,2000,0,53,49,0,0,4728,9,1,3339,593.796354523596,355.673168328,0.0,1.908,1.7639999999999998,0,0,1.67,337.88950991161045
4,125,99,4,119,106,99,105,20,0,2000,0,47,48,0,0,4729,8,0,3359,597.353086206876,355.673168328,0.0,1.692,1.7279999999999998,0,0,1.68,355.673168327996
4,128,100,4,121,107,99,105,20,0,2000,0,49,45,0,0,4730,8,0,3379,600.909817890156,355.673168328,0.0,1.7639999999999998,1.6199999999999999,0,0,1.69,355.673168327996
4,127,99,4,122,108,99,105,20,0,2000,0,49,46,0,0,4731,8,0,3399,604.466549573436,355.673168328,0.0,1.7639999999999998,1.656,0,0,1.7,355.67316832800736
4,129,98,4,123,109,99,105,21,0,2000,0,41,46,0,0,4732,8,0,3420,608.20111784088,355.673168328,0.0,1.476,1.656,0,0,1.71,373.45682674439297
5,131,99,4,125,110,99,105,20,0,2000,0,47,46,0,0,4733,9,1,3440,611.75784952416,355.673168328,0.0,1.692,1.656,0,0,1.72,355.673168327996
4,131,96,5,126,111,98,104,19,0,2000,0,53,49,0,0,4734,9,-1,3459,615.136744623276,355.673168328,0.0,1.908,1.7639999999999998,0,0,1.73,337.8895099115991
4,129,95,4,127,112,97,103,21,0,2000,0,45,42,0,0,4735,8,0,3480,618.87131289072,355.673168328,0.0,1.6199999999999999,1.5119999999999998,0,0,1.74,373.45682674440434
4,132,97,5,128,113,97,103,20,0,2000,0,48,45,0,0,4736,9,-1,3500,622.428044574,355.673168328,0.0,1.7279999999999998,1.6199999999999999,0,0,1.75,355.673168327996
4,130,95,4,128,114,97,103,20,0,2000,0,48,45,0,0,4737,8,0,3520,625.98477625728,355.673168328,0.0,1.7279999999999998,1.6199999999999999,0,0,1.76,355.67316832800736
4,132,97,5,129,115,97,103,19,0,2000,0,50,51,0,0,4738,9,-1,3539,629.363671356396,355.673168328,0.0,1.7999999999999998,1.8359999999999999,0,0,1.77,337.8895099115991
5,129,95,4,129,116,97,103,20,0,2000,0,47,47,0,0,4739,9,1,3559,632.920403039676,355.673168328,0.0,1.692,1.692,0,0,1.78,355.673168327996
5,132,98,4,130,117,97,103,21,0,2000,0,43,43,0,0,4740,9,1,3580,636.65497130712,355.673168328,0.0,1.5479999999999998,1.5479999999999998,0,0,1.79,373.45682674440434
3,130,95,5,130,118,97,103,20,0,2000,0,47,47,0,0,4741,8,-2,3600,640.2117029904,355.673168328,0.0,1.692,1.692,0,0,1.8,355.673168327996
6,131,95,5,130,119,97,103,20,0,2000,0,47,47,0,0,4742,11,1,3620,643.76843467368,355.673168328,0.0,1.692,1.692,0,0,1.81,355.673168327996
6,133,96,6,131,120,97,103,20,0,2000,0,47,47,0,0,4743,12,0,3640,647.32516635696,355.673168328,0.0,1.692,1.692,0,0,1.82,355.67316832800736
5,132,93,5,131,121,96,102,20,0,2000,0,45,49,0,0,4744,10,0,3660,650.88189804024,355.673168328,0.0,1.6199999999999999,1.7639999999999998,0,0,1.83,355.673168327996
5,134,95,6,132,122,96,102,20,0,2000,0,45,48,0,0,4745,11,-1,3680,654.43862972352,355.673168328,0.0,1.6199999999999999,1.7279999999999998,0,0,1.84,355.673168327996
4,136,93,6,133,123,95,101,20,0,2000,0,49,44,0,0,4746,10,-2,3700,657.9953614068,355.673168328,0.0,1.7639999999999998,1.5839999999999999,0,0,1.85,355.67316832800736
5,138,92,5,134,124,94,100,20,0,2000,0,48,45,0,0,4747,10,0,3720,661.55209309008,355.673168328,0.0,1.7279999999999998,1.6199999999999999,0,0,1.86,355.673168327996
6,139,93,6,135,125,94,100,20,0,2000,0,48,45,0,0,4748,12,0,3740,665.10882477336,355.673168328,0.0,1.7279999999999998,1.6199999999999999,0,0,1.87,355.673168327996
4,139,92,6,136,126,94,100,20,0,2000,0,48,45,0,0,4749,10,-2,3760,668.66555645664,355.673168328,0.0,1.7279999999999998,1.6199999999999999,0,0,1.88,355.67316832801527
5,138,91,6,136,127,93,99,20,0,2000,0,48,45,0,0,4750,11,-1,3780,672.22228813992,355.673168328,0.0,1.7279999999999998,1.6199999999999999,0,0,1.89,355.673168327996
5,139,92,6,137,128,93,99,20,0,2000,0,46,47,0,0,4751,11,-1,3800,675.7790198232,355.673168328,0.0,1.656,1.692,0,0,1.9,355.673168327996
5,141,94,7,138,129,93,99,19,0,2000,0,49,53,0,0,4752,12,-2,3819,679.157914922316,355.673168328,0.0,1.7639999999999998,1.908,0,0,1.91,337.8895099115991
5,138,89,6,138,130,92,98,20,0,2000,0,46,49,0,0,4753,11,-1,3839,682.714646605596,355.673168328,0.0,1.656,1.7639999999999998,0,0,1.92,355.67316832800736
7,140,88,7,138,131,91,97,20,0,2000,0,48,47,0,0,4754,14,0,3859,686.271378288876,355.673168328,0.0,1.7279999999999998,1.692,0,0,1.93,355.673168327996
7,139,87,8,138,132,90,96,20,0,2000,0,47,47,0,0,4755,15,-1,3879,689.828109972156,355.673168328,0.0,1.692,1.692,0,0,1.94,355.673168327996
7,144,88,8,139,133,90,96,20,0,2000,0,49,45,0,0,4756,15,-1,3899,693.384841655436,355.673168328,0.0,1.7639999999999998,1.6199999999999999,0,0,1.95,355.67316832800736
7,140,85,8,139,133,89,95,20,0,2000,0,49,46,0,0,4757,15,-1,3919,696.941573338716,355.673168328,0.0,1.7639999999999998,1.656,0,0,1.96,355.673168327996
7,145,86,9,140,134,88,94,20,0,2000,0,51,44,0,0,4758,16,-2,3939,700.498305021996,355.673168328,0.0,1.8359999999999999,1.5839999999999999,0,0,1.97,355.673168327996
7,144,85,8,141,135,87,93,20,0,2000,0,49,46,0,0,4759,15,-1,3959,704.055036705276,355.673168328,0.0,1.7639999999999998,1.656,0,0,1.98,355.67316832800736
7,139,82,9,141,135,86,92,20,0,2000,0,47,48,0,0,4760,16,-2,3979,707.611768388556,355.673168328,0.0,1.692,1.7279999999999998,0,0,1.99,355.673168327996
7,140,85,8,141,135,86,92,20,0,2000,0,47,47,0,0,4761,15,-1,3999,711.168500071836,355.673168328,0.0,1.692,1.692,0,0,2.0,355.673168327996
8,140,84,9,141,135,86,92,21,0,2000,0,43,43,0,0,4762,17,-1,4020,714.90306833928,355.673168328,0.0,1.5479999999999998,1.5479999999999998,0,0,2.01,373.45682674441264
8,138,83,9,140,135,85,91,20,0,2000,0,47,47,0,0,4763,17,-1,4040,718.45980002256,355.673168328,0.0,1.692,1.692,0,0,2.02,355.67316832798815
9,141,84,10,140,135,85,91,19,0,2000,0,53,49,0,0,4764,19,-1,4059,721.838695121676,355.673168328,0.0,1.908,1.7639999999999998,0,0,2.03,337.8895099116066
8,141,80,11,140,135,84,90,20,0,2000,0,47,48,0,0,4765,19,-3,4079,725.395426804956,355.673168328,0.0,1.692,1.7279999999999998,0,0,2.04,355.67316832798815
7,140,82,10,140,135,84,90,20,0,2000,0,47,47,0,0,4766,17,-3,4099,728.952158488236,355.673168328,0.0,1.692,1.692,0,0,2.05,355.67316832801527
9,138,80,11,140,135,83,89,20,0,1720,0,34,30,0,0,4767,20,-2,4119,732.508890171516,305.87892476208,0.0,1.224,1.0799999999999998,0,0,2.06,355.67316832798815
7,140,77,11,140,135,82,88,19,0,1440,0,20,17,0,0,4768,18,-4,4138,735.887785270632,256.08468119616,0.0,0.72,0.612,0,0,2.07,337.8895099116066
9,140,80,12,140,135,82,88,15,0,1160,0,16,17,0,0,4769,21,-3,4153,738.555334033092,206.29043763024,0.0,0.576,0.612,0,0,2.08,266.75487624599396
10,138,76,12,140,135,81,87,15,0,880,0,1,1,0,0,4770,22,-2,4168,741.222882795552,156.49619406432,0.0,0.036,0.036,0,0,2.09,266.7548762460058
10,141,80,13,140,135,81,87,12,0,600,0,7,3,0,0,4771,23,-3,4180,743.35692180552,106.7019504984,0.0,0.252,0.10799999999999998,0,0,2.1,213.40390099679288
8,140,82,12,140,135,81,87,10,0,320,0,17,14,0,0,4772,20,-4,4190,745.13528764716,56.90770693248,0.0,0.612,0.504,0,0,2.11,177.83658416400763
10,136,83,12,138,135,82,87,10,0,100,0,1,1,0,0,4775,22,-2,4200,746.9136534888,17.7836584164,0.0,0.036,0.036,0,0,2.14,59.27886138800079
3,131,20,1,136,135,70,83,-67,0,0,0,6,1,0,0,6060,4,2,4133,734.998602349812,0.0,0.0,0.21599999999999997,0.036,0,0,14.99,-0.9272413337733868
3,126,23,1,128,133,58,119,11,0,1400,0,72,66,0,0,6355,4,2,4144,736.954804775616,248.9712178296,0.0,2.5919999999999996,2.376,0,0,17.94,0.6631194663742399
3,126,29,1,129,133,48,109,20,0,1960,0,81,75,0,0,6357,4,2,4164,740.511536458896,348.55970496144,0.0,2.916,2.6999999999999997,0,0,17.96,177.83658416400195
3,124,37,1,128,132,46,105,16,0,2000,0,67,68,0,0,6358,4,2,4180,743.35692180552,355.673168328,0.0,2.412,2.448,0,0,17.97,284.5385346624537
1,125,44,1,127,132,46,101,17,0,2000,0,68,64,0,0,6359,2,0,4197,746.380143736308,355.673168328,0.0,2.448,2.304,0,0,17.98,302.3221930787582
1,123,54,0,126,131,48,98,19,0,2000,0,59,60,0,0,6360,1,1,4216,749.759038835424,355.673168328,0.0,2.1239999999999997,2.1599999999999997,0,0,17.99,337.8895099116666
1,122,65,1,125,130,51,96,20,0,2000,0,58,54,0,0,6361,2,0,4236,753.315770518704,355.673168328,0.0,2.0879999999999996,1.944,0,0,18.0,355.67316832794074
1,120,73,0,124,129,55,95,20,0,2000,0,58,54,0,0,6362,1,1,4256,756.872502201984,355.673168328,0.0,2.0879999999999996,1.944,0,0,18.01,355.6731683279521
1,120,83,0,123,128,61,94,19,0,2000,0,58,62,0,0,6363,1,1,4275,760.2513973011,355.673168328,0.0,2.0879999999999996,2.2319999999999998,0,0,18.02,337.8895099116666
2,122,95,1,123,128,68,94,20,0,2000,0,55,58,0,0,6364,3,1,4295,763.80812898438,355.673168328,0.0,1.9799999999999998,2.0879999999999996,0,0,18.03,355.67316832794074
1,114,100,0,121,127,74,94,20,0,2000,0,57,56,0,0,6365,1,1,4315,767.36486066766,355.673168328,0.0,2.052,2.016,0,0,18.04,355.6731683280671
1,114,105,1,120,126,80,95,21,0,2000,0,51,55,0,0,6366,2,0,4336,771.099428935104,355.673168328,0.0,1.8359999999999999,1.9799999999999998,0,0,18.05,373.4568267443463
2,116,104,1,119,125,85,96,20,0,2000,0,56,56,0,0,6367,3,1,4356,774.656160618384,355.673168328,0.0,2.016,2.016,0,0,18.06,355.6731683280671
2,112,105,0,118,124,89,97,22,0,2000,0,48,48,0,0,6368,2,2,4378,778.568565469992,355.673168328,0.0,1.7279999999999998,1.7279999999999998,0,0,18.07,391.2404851607405
1,107,106,1,116,123,92,98,22,0,2000,0,49,45,0,0,6369,2,0,4400,782.4809703216,355.673168328,0.0,1.7639999999999998,1.6199999999999999,0,0,18.08,391.2404851608795
3,115,109,1,116,123,95,99,23,0,2000,0,44,41,0,0,6370,4,2,4423,786.571211757372,355.673168328,0.0,1.5839999999999999,1.476,0,0,18.09,409.0241435771347
1,117,107,1,116,123,97,100,20,0,2000,0,52,53,0,0,6371,2,0,4443,790.127943440652,355.673168328,0.0,1.8719999999999999,1.908,0,0,18.1,355.67316832794074
1,119,106,2,117,123,99,100,22,0,2000,0,43,46,0,0,6372,3,-1,4465,794.04034829226,355.673168328,0.0,1.5479999999999998,1.656,0,0,18.11,391.2404851608795
2,126,108,1,119,123,101,101,21,0,2000,0,44,51,0,0,6373,3,1,4486,797.774916559704,355.673168328,0.0,1.5839999999999999,1.8359999999999999,0,0,18.12,373.4568267443463
2,127,109,1,121,123,103,102,22,0,2000,0,43,42,0,0,6374,3,1,4508,801.687321411312,355.673168328,0.0,1.5479999999999998,1.5119999999999998,0,0,18.13,391.2404851608795
1,128,106,0,122,123,104,102,20,0,2000,0,51,48,0,0,6375,1,1,4528,805.244053094592,355.673168328,0.0,1.8359999999999999,1.7279999999999998,0,0,18.14,355.67316832794074
1,128,103,1,123,123,104,102,22,0,2000,0,43,40,0,0,6376,2,0,4550,809.1564579462,355.673168328,0.0,1.5479999999999998,1.44,0,0,18.15,391.2404851608795
2,129,102,1,124,123,104,102,20,0,2000,0,52,45,0,0,6377,3,1,4570,812.71318962948,355.673168328,0.0,1.8719999999999999,1.6199999999999999,0,0,18.16,355.67316832794074
2,132,101,1,126,124,103,102,21,0,2000,0,44,45,0,0,6378,3,1,4591,816.447757896924,355.673168328,0.0,1.5839999999999999,1.6199999999999999,0,0,18.17,373.4568267443463
1,129,101,1,127,124,103,102,20,0,2000,0,50,46,0,0,6379,2,0,4611,820.004489580204,355.673168328,0.0,1.7999999999999998,1.656,0,0,18.18,355.6731683280671
2,129,101,1,127,124,103,102,20,0,2000,0,49,46,0,0,6380,3,1,4631,823.561221263484,355.673168328,0.0,1.7639999999999998,1.656,0,0,18.19,355.67316832794074
1,128,103,1,127,124,103,102,20,0,2000,0,51,44,0,0,6381,2,0,4651,827.117952946764,355.673168328,0.0,1.8359999999999999,1.5839999999999999,0,0,18.2,355.6731683280785
2,128,105,1,127,124,103,102,20,0,2000,0,51,44,0,0,6382,3,1,4671,830.674684630044,355.673168328,0.0,1.8359999999999999,1.5839999999999999,0,0,18.21,355.67316832794074
2,124,105,1,126,124,103,102,19,0,2000,0,49,54,0,0,6383,3,1,4690,834.05357972916,355.673168328,0.0,1.7639999999999998,1.944,0,0,18.22,337.8895099116666
3,122,106,1,125,124,104,102,20,0,2000,0,45,52,0,0,6384,4,2,4710,837.61031141244,355.673168328,0.0,1.6199999999999999,1.8719999999999999,0,0,18.23,355.67316832794074
2,123,106,1,125,124,104,102,20,0,2000,0,47,50,0,0,6385,3,1,4730,841.16704309572,355.673168328,0.0,1.692,1.7999999999999998,0,0,18.24,355.6731683280785
2,124,107,1,125,124,105,102,20,0,2000,0,45,52,0,0,6386,3,1,4750,844.723774779,355.673168328,0.0,1.6199999999999999,1.8719999999999999,0,0,18.25,355.67316832794074
1,123,106,1,125,124,105,102,20,0,2000,0,47,50,0,0,6387,2,0,4770,848.28050646228,355.673168328,0.0,1.692,1.7999999999999998,0,0,18.26,355.67316832794074
1,124,102,1,125,124,104,102,21,0,2000,0,47,42,0,0,6388,2,0,4791,852.015074729724,355.673168328,0.0,1.692,1.5119999999999998,0,0,18.27,373.456826744479
3,125,102,0,125,124,104,102,20,0,2000,0,49,46,0,0,6389,3,3,4811,855.571806413004,355.673168328,0.0,1.7639999999999998,1.656,0,0,18.28,355.67316832794074
4,126,101,1,125,124,103,102,20,0,2000,0,49,46,0,0,6390,5,3,4831,859.128538096284,355.673168328,0.0,1.7639999999999998,1.656,0,0,18.29,355.6731683280785
2,126,99,0,125,124,102,102,20,0,2000,0,49,46,0,0,6391,2,2,4851,862.685269779564,355.673168328,0.0,1.7639999999999998,1.656,0,0,18.3,355.67316832794074
2,129,101,1,126,124,102,102,20,0,2000,0,51,44,0,0,6392,3,1,4871,866.242001462844,355.673168328,0.0,1.8359999999999999,1.5839999999999999,0,0,18.31,355.6731683280671
3,129,103,1,127,124,102,102,20,0,2000,0,49,46,0,0,6393,4,2,4891,869.798733146124,355.673168328,0.0,1.7639999999999998,1.656,0,0,18.32,355.6731683279521
2,128,102,1,127,124,102,102,20,0,2000,0,49,46,0,0,6394,3,1,4911,873.355464829404,355.673168328,0.0,1.7639999999999998,1.656,0,0,18.33,355.6731683280671
3,125,101,1,127,124,102,102,20,0,2000,0,48,48,0,0,6395,4,2,4931,876.912196512684,355.673168328,0.0,1.7279999999999998,1.7279999999999998,0,0,18.34,355.67316832794074
1,127,103,1,127,124,102,102,20,0,2000,0,46,50,0,0,6396,2,0,4951,880.468928195964,355.673168328,0.0,1.656,1.7999999999999998,0,0,18.35,355.6731683279521
2,126,102,2,127,124,102,102,20,0,2000,0,46,49,0,0,6397,4,0,4971,884.025659879244,355.673168328,0.0,1.656,1.7639999999999998,0,0,18.36,355.6731683280671
3,127,102,1,127,124,102,102,20,0,2000,0,46,49,0,0,6398,4,2,4991,887.582391562524,355.673168328,0.0,1.656,1.7639999999999998,0,0,18.37,355.67316832794074
2,127,100,1,127,124,102,102,20,0,2000,0,48,48,0,0,6399,3,1,5011,891.139123245804,355.673168328,0.0,1.7279999999999998,1.7279999999999998,0,0,18.38,355.6731683280671
2,129,100,1,127,124,102,102,20,0,2000,0,48,48,0,0,6400,3,1,5031,894.695854929084,355.673168328,0.0,1.7279999999999998,1.7279999999999998,0,0,18.39,355.6731683279521
2,129,99,1,127,124,101,102,21,0,2000,0,44,44,0,0,6401,3,1,5052,898.430423196528,355.673168328,0.0,1.5839999999999999,1.5839999999999999,0,0,18.4,373.4568267444676
2,128,96,1,127,124,100,102,19,0,2000,0,53,49,0,0,6402,3,1,5071,901.809318295644,355.673168328,0.0,1.908,1.7639999999999998,0,0,18.41,337.88950991154655
2,128,98,2,127,124,100,102,21,0,2000,0,46,42,0,0,6403,4,0,5092,905.543886563088,355.673168328,0.0,1.656,1.5119999999999998,0,0,18.42,373.4568267443463
3,129,96,1,127,124,99,102,20,0,2000,0,49,46,0,0,6404,4,2,5112,909.100618246368,355.673168328,0.0,1.7639999999999998,1.656,0,0,18.43,355.6731683280671
2,132,96,1,128,125,98,102,20,0,2000,0,49,46,0,0,6405,3,1,5132,912.657349929648,355.673168328,0.0,1.7639999999999998,1.656,0,0,18.44,355.6731683279521
1,128,94,1,128,125,97,102,20,0,2000,0,49,46,0,0,6406,2,0,5152,916.214081612928,355.673168328,0.0,1.7639999999999998,1.656,0,0,18.45,355.6731683280671
1,129,95,1,128,125,97,102,21,0,2000,0,45,42,0,0,6407,2,0,5173,919.948649880372,355.673168328,0.0,1.6199999999999999,1.5119999999999998,0,0,18.46,373.4568267443463
1,129,96,1,128,125,97,102,19,0,2000,0,50,51,0,0,6408,2,0,5192,923.327544979488,355.673168328,0.0,1.7999999999999998,1.8359999999999999,0,0,18.47,337.8895099116666
2,125,94,1,127,125,96,102,20,0,2000,0,47,47,0,0,6409,3,1,5212,926.884276662768,355.673168328,0.0,1.692,1.692,0,0,18.48,355.67316832794074
2,126,93,1,127,125,95,101,20,0,2000,0,47,47,0,0,6410,3,1,5232,930.441008346048,355.673168328,0.0,1.692,1.692,0,0,18.49,355.6731683280671
2,128,95,1,127,125,95,101,20,0,2000,0,47,47,0,0,6411,3,1,5252,933.997740029328,355.673168328,0.0,1.692,1.692,0,0,18.5,355.6731683279521
3,127,91,1,127,125,94,100,20,0,2000,0,47,47,0,0,6412,4,2,5272,937.554471712608,355.673168328,0.0,1.692,1.692,0,0,18.51,355.67316832794074
1,126,89,1,127,125,93,99,20,0,2000,0,47,47,0,0,6413,2,0,5292,941.111203395888,355.673168328,0.0,1.692,1.692,0,0,18.52,355.6731683280671
1,127,87,1,127,125,92,98,20,0,2000,0,47,47,0,0,6414,2,0,5312,944.667935079168,355.673168328,0.0,1.692,1.692,0,0,18.53,355.6731683279521
3,126,89,1,127,125,91,97,20,0,2000,0,49,45,0,0,6415,4,2,5332,948.224666762448,355.673168328,0.0,1.7639999999999998,1.6199999999999999,0,0,18.54,355.6731683280671
3,120,92,1,126,125,91,97,20,0,2000,0,47,48,0,0,6416,4,2,5352,951.781398445728,355.673168328,0.0,1.692,1.7279999999999998,0,0,18.55,355.67316832794074
2,119,90,1,125,125,91,97,20,0,2000,0,45,49,0,0,6417,3,1,5372,955.338130129008,355.673168328,0.0,1.6199999999999999,1.7639999999999998,0,0,18.56,355.6731683280785
3,116,90,1,123,124,91,97,20,0,2000,0,46,49,0,0,6418,4,2,5392,958.894861812288,355.673168328,0.0,1.656,1.7639999999999998,0,0,18.57,355.67316832794074
1,114,89,1,121,123,91,97,20,0,2000,0,46,49,0,0,6419,2,0,5412,962.451593495568,355.673168328,0.0,1.656,1.7639999999999998,0,0,18.58,355.6731683280671
1,116,92,1,120,123,91,97,20,0,2000,0,49,45,0,0,6420,2,0,5432,966.008325178848,355.673168328,0.0,1.7639999999999998,1.6199999999999999,0,0,18.59,355.6731683279521
2,124,88,1,121,123,90,96,20,0,2000,0,49,46,0,0,6421,3,1,5452,969.565056862128,355.673168328,0.0,1.7639999999999998,1.656,0,0,18.6,355.67316832794074
1,129,90,1,123,123,90,96,19,0,2000,0,55,48,0,0,6422,2,0,5471,972.943951961244,355.673168328,0.0,1.9799999999999998,1.7279999999999998,0,0,18.61,337.8895099116666
2,127,88,0,124,123,90,96,21,0,2000,0,47,41,0,0,6423,2,2,5492,976.678520228688,355.673168328,0.0,1.692,1.476,0,0,18.62,373.45682674433493
2,131,90,2,125,124,90,96,20,0,2000,0,47,48,0,0,6424,4,0,5512,980.235251911968,355.673168328,0.0,1.692,1.7279999999999998,0,0,18.63,355.6731683280785
3,130,91,2,126,124,90,96,20,0,2000,0,47,47,0,0,6425,5,1,5532,983.791983595248,355.673168328,0.0,1.692,1.692,0,0,18.64,355.67316832794074
3,130,91,2,127,124,90,96,20,0,2000,0,47,47,0,0,6426,5,1,5552,987.348715278528,355.673168328,0.0,1.692,1.692,0,0,18.65,355.6731683280671
2,131,92,2,128,124,90,96,19,0,2000,0,49,53,0,0,6427,4,0,5571,990.727610377644,355.673168328,0.0,1.7639999999999998,1.908,0,0,18.66,337.8895099115579
3,132,92,1,129,125,90,96,20,0,2000,0,48,48,0,0,6428,4,2,5591,994.284342060924,355.673168328,0.0,1.7279999999999998,1.7279999999999998,0,0,18.67,355.67316832794074
2,131,91,1,129,125,90,96,20,0,2000,0,46,50,0,0,6429,3,1,5611,997.841073744204,355.673168328,0.0,1.656,1.7999999999999998,0,0,18.68,355.6731683280671
1,133,90,1,130,126,90,96,20,0,2000,0,48,48,0,0,6430,2,0,5631,1001.397805427484,355.673168328,0.0,1.7279999999999998,1.7279999999999998,0,0,18.69,355.67316832794074
1,134,90,1,131,127,90,96,21,0,2000,0,44,44,0,0,6431,2,0,5652,1005.132373694928,355.673168328,0.0,1.5839999999999999,1.5839999999999999,0,0,18.7,373.456826744479
1,136,90,2,132,128,90,96,20,0,2000,0,47,47,0,0,6432,3,-1,5672,1008.689105378208,355.673168328,0.0,1.692,1.692,0,0,18.71,355.67316832794074
4,135,88,1,133,128,90,96,19,0,2000,0,53,49,0,0,6433,5,3,5691,1012.068000477324,355.673168328,0.0,1.908,1.7639999999999998,0,0,18.72,337.8895099116666
3,133,86,2,133,128,89,95,20,0,2000,0,51,44,0,0,6434,5,1,5711,1015.624732160604,355.673168328,0.0,1.8359999999999999,1.5839999999999999,0,0,18.73,355.6731683279521
3,134,87,1,133,128,89,95,21,0,2000,0,47,41,0,0,6435,4,2,5732,1019.359300428048,355.673168328,0.0,1.692,1.476,0,0,18.74,373.4568267444676
2,137,88,0,134,129,89,95,19,0,2000,0,53,50,0,0,6436,2,2,5751,1022.738195527164,355.673168328,0.0,1.908,1.7999999999999998,0,0,18.75,337.88950991154655
3,133,86,2,134,129,88,94,20,0,2000,0,49,46,0,0,6437,5,1,5771,1026.294927210444,355.673168328,0.0,1.7639999999999998,1.656,0,0,18.76,355.6731683279521
4,133,90,1,134,129,88,94,21,0,2000,0,42,46,0,0,6438,5,3,5792,1030.029495477888,355.673168328,0.0,1.5119999999999998,1.656,0,0,18.77,373.456826744479
2,132,89,1,134,129,88,94,20,0,2000,0,48,47,0,0,6439,3,1,5812,1033.586227161168,355.673168328,0.0,1.7279999999999998,1.692,0,0,18.78,355.6731683279294
0,136,92,1,134,129,89,94,19,0,2000,0,49,53,0,0,6440,1,-1,5831,1036.965122260284,355.673168328,0.0,1.7639999999999998,1.908,0,0,18.79,337.889509911678
1,130,88,1,133,129,89,94,20,0,2000,0,48,48,0,0,6441,2,0,5851,1040.521853943564,355.673168328,0.0,1.7279999999999998,1.7279999999999998,0,0,18.8,355.6731683279521
1,133,90,1,133,129,89,94,20,0,2000,0,46,50,0,0,6442,2,0,5871,1044.078585626844,355.673168328,0.0,1.656,1.7999999999999998,0,0,18.81,355.67316832805574
3,132,89,2,133,129,89,94,20,0,2000,0,48,48,0,0,6443,5,1,5891,1047.635317310124,355.673168328,0.0,1.7279999999999998,1.7279999999999998,0,0,18.82,355.6731683279521
3,130,89,1,132,129,89,94,20,0,2000,0,50,46,0,0,6444,4,2,5911,1051.192048993404,355.673168328,0.0,1.7999999999999998,1.656,0,0,18.83,355.67316832805574
1,134,90,1,132,129,89,94,20,0,2000,0,48,48,0,0,6445,2,0,5931,1054.748780676684,355.673168328,0.0,1.7279999999999998,1.7279999999999998,0,0,18.84,355.6731683279521
2,131,88,2,132,129,89,94,20,0,2000,0,48,48,0,0,6446,4,0,5951,1058.305512359964,355.673168328,0.0,1.7279999999999998,1.7279999999999998,0,0,18.85,355.6731683279521
2,135,89,1,133,129,89,94,20,0,2000,0,48,48,0,0,6447,3,1,5971,1061.862244043244,355.673168328,0.0,1.7279999999999998,1.7279999999999998,0,0,18.86,355.67316832805574
3,134,89,1,133,129,89,94,20,0,2000,0,50,46,0,0,6448,4,2,5991,1065.418975726524,355.673168328,0.0,1.7999999999999998,1.656,0,0,18.87,355.6731683279521
2,133,88,1,133,129,89,94,20,0,2000,0,48,48,0,0,6449,3,1,6011,1068.975707409804,355.673168328,0.0,1.7279999999999998,1.7279999999999998,0,0,18.88,355.6731683280785
5,136,89,1,134,129,89,94,20,0,2000,0,48,48,0,0,6450,6,4,6031,1072.532439093084,355.673168328,0.0,1.7279999999999998,1.7279999999999998,0,0,18.89,355.6731683279294
1,135,87,2,134,129,89,94,21,0,2000,0,44,44,0,0,6451,3,-1,6052,1076.267007360528,355.673168328,0.0,1.5839999999999999,1.5839999999999999,0,0,18.9,373.456826744479
2,136,87,1,134,129,89,94,19,0,2000,0,53,49,0,0,6452,3,1,6071,1079.645902459644,355.673168328,0.0,1.908,1.7639999999999998,0,0,18.91,337.8895099115579
1,135,86,1,134,129,88,94,20,0,2000,0,48,48,0,0,6453,2,0,6091,1083.202634142924,355.673168328,0.0,1.7279999999999998,1.7279999999999998,0,0,18.92,355.6731683279294
2,135,87,2,134,129,88,94,20,0,2000,0,48,48,0,0,6454,4,0,6111,1086.759365826204,355.673168328,0.0,1.7279999999999998,1.7279999999999998,0,0,18.93,355.6731683280785
2,135,86,1,134,129,88,94,20,0,2000,0,48,48,0,0,6455,3,1,6131,1090.316097509484,355.673168328,0.0,1.7279999999999998,1.7279999999999998,0,0,18.94,355.6731683279521
2,136,89,1,134,129,88,94,20,0,2000,0,50,46,0,0,6456,3,1,6151,1093.872829192764,355.673168328,0.0,1.7999999999999998,1.656,0,0,18.95,355.67316832805574
1,134,83,2,134,129,87,93,20,0,2000,0,49,46,0,0,6457,3,-1,6171,1097.429560876044,355.673168328,0.0,1.7639999999999998,1.656,0,0,18.96,355.6731683279521
2,134,81,1,134,129,86,92,21,0,2000,0,46,42,0,0,6458,3,1,6192,1101.164129143488,355.673168328,0.0,1.656,1.5119999999999998,0,0,18.97,373.456826744479
1,139,81,1,135,130,85,91,20,0,2000,0,45,49,0,0,6459,2,0,6212,1104.720860826768,355.673168328,0.0,1.6199999999999999,1.7639999999999998,0,0,18.98,355.6731683279521
2,135,77,1,135,130,83,90,20,0,2000,0,48,47,0,0,6460,3,1,6232,1108.277592510048,355.673168328,0.0,1.7279999999999998,1.692,0,0,18.99,355.67316832805574
3,137,72,2,135,130,81,89,20,0,2000,0,47,47,0,0,6461,5,1,6252,1111.834324193328,355.673168328,0.0,1.692,1.692,0,0,19.0,355.6731683279521
2,133,59,1,135,130,77,87,20,0,2000,0,47,47,0,0,6462,3,1,6272,1115.391055876608,355.673168328,0.0,1.692,1.692,0,0,19.01,355.6731683279521
2,138,46,1,136,131,71,84,20,0,2000,0,47,47,0,0,6463,3,1,6292,1118.947787559888,355.673168328,0.0,1.692,1.692,0,0,19.02,355.67316832805574
2,136,26,2,136,131,62,80,20,0,2000,0,51,43,0,0,6464,4,0,6312,1122.504519243168,355.673168328,0.0,1.8359999999999999,1.5479999999999998,0,0,19.03,355.6731683279521
2,136,14,1,136,131,52,76,20,0,2000,0,47,48,0,0,6465,3,1,6332,1126.061250926448,355.673168328,0.0,1.692,1.7279999999999998,0,0,19.04,355.6731683280785
3,133,10,2,135,131,44,72,20,0,2000,0,51,43,0,0,6466,5,1,6352,1129.617982609728,355.673168328,0.0,1.8359999999999999,1.5479999999999998,0,0,19.05,355.6731683279294
4,127,7,1,133,131,37,68,20,0,2000,0,49,46,0,0,6467,5,3,6372,1133.174714293008,355.673168328,0.0,1.7639999999999998,1.656,0,0,19.06,355.6731683280785
2,131,6,2,133,131,31,64,19,0,2000,0,51,51,0,0,6468,4,0,6391,1136.553609392124,355.673168328,0.0,1.8359999999999999,1.8359999999999999,0,0,19.07,337.8895099115352
2,142,3,2,135,132,25,60,20,0,2000,0,48,48,0,0,6469,4,0,6411,1140.110341075404,355.673168328,0.0,1.7279999999999998,1.7279999999999998,0,0,19.08,355.6731683280785
3,149,3,0,138,133,21,56,20,0,2000,0,46,50,0,0,6470,3,3,6431,1143.667072758684,355.673168328,0.0,1.656,1.7999999999999998,0,0,19.09,355.6731683279521
2,149,4,2,140,134,18,53,21,0,2000,0,42,46,0,0,6471,4,0,6452,1147.401641026128,355.673168328,0.0,1.5119999999999998,1.656,0,0,19.1,373.45682674432356
1,145,2,1,141,135,15,50,20,0,2000,0,46,49,0,0,6472,2,0,6472,1150.958372709408,355.673168328,0.0,1.656,1.7639999999999998,0,0,19.11,355.6731683280785
1,150,2,2,143,136,12,47,20,0,2000,0,49,45,0,0,6473,3,-1,6492,1154.515104392688,355.673168328,0.0,1.7639999999999998,1.6199999999999999,0,0,19.12,355.6731683279521
5,149,2,2,144,137,10,44,20,0,2000,0,47,48,0,0,6474,7,3,6512,1158.071836075968,355.673168328,0.0,1.692,1.7279999999999998,0,0,19.13,355.67316832805574
2,149,2,2,145,138,8,41,20,0,2000,0,47,47,0,0,6475,4,0,6532,1161.628567759248,355.673168328,0.0,1.692,1.692,0,0,19.14,355.6731683279521
2,151,2,2,146,139,7,39,19,0,2000,0,53,49,0,0,6476,4,0,6551,1165.007462858364,355.673168328,0.0,1.908,1.7639999999999998,0,0,19.15,337.889509911678
3,149,1,2,147,140,6,37,21,0,2000,0,46,42,0,0,6477,5,1,6572,1168.742031125808,355.673168328,0.0,1.656,1.5119999999999998,0,0,19.16,373.45682674432356
2,150,2,2,148,141,5,35,20,0,2000,0,49,46,0,0,6478,4,0,6592,1172.298762809088,355.673168328,0.0,1.7639999999999998,1.656,0,0,19.17,355.6731683279521
1,150,2,2,148,142,4,33,19,0,2000,0,51,51,0,0,6479,3,-1,6611,1175.677657908204,355.673168328,0.0,1.8359999999999999,1.8359999999999999,0,0,19.18,337.889509911678
3,147,0,2,148,142,3,31,20,0,2000,0,50,46,0,0,6480,5,1,6631,1179.234389591484,355.673168328,0.0,1.7999999999999998,1.656,0,0,19.19,355.6731683279294
4,148,3,2,148,142,3,29,20,0,2000,0,49,46,0,0,6481,6,2,6651,1182.791121274764,355.673168328,0.0,1.7639999999999998,1.656,0,0,19.2,355.6731683280785
4,151,2,1,149,143,3,27,20,0,2000,0,48,48,0,0,6482,5,3,6671,1186.347852958044,355.673168328,0.0,1.7279999999999998,1.7279999999999998,0,0,19.21,355.6731683279521
3,151,2,2,149,144,3,25,20,0,2000,0,48,48,0,0,6483,5,1,6691,1189.904584641324,355.673168328,0.0,1.7279999999999998,1.7279999999999998,0,0,19.22,355.67316832805574
3,153,2,2,150,145,3,24,20,0,2000,0,48,48,0,0,6484,5,1,6711,1193.461316324604,355.673168328,0.0,1.7279999999999998,1.7279999999999998,0,0,19.23,355.6731683279521
4,150,1,2,150,145,3,23,20,0,2000,0,46,50,0,0,6485,6,2,6731,1197.018048007884,355.673168328,0.0,1.656,1.7999999999999998,0,0,19.24,355.6731683280785
2,154,2,2,151,146,3,22,20,0,2000,0,48,48,0,0,6486,4,0,6751,1200.574779691164,355.673168328,0.0,1.7279999999999998,1.7279999999999998,0,0,19.25,355.6731683279294
1,150,3,2,151,146,3,21,20,0,2000,0,48,48,0,0,6487,3,-1,6771,1204.131511374444,355.673168328,0.0,1.7279999999999998,1.7279999999999998,0,0,19.26,355.6731683279521
3,149,1,1,151,146,3,20,20,0,2000,0,46,50,0,0,6488,4,2,6791,1207.688243057724,355.673168328,0.0,1.656,1.7999999999999998,0,0,19.27,355.6731683280785
4,152,2,2,151,146,3,19,20,0,2000,0,50,46,0,0,6489,6,2,6811,1211.244974741004,355.673168328,0.0,1.7999999999999998,1.656,0,0,19.28,355.6731683279294
4,158,5,2,152,147,3,18,20,0,2000,0,51,44,0,0,6490,6,2,6831,1214.801706424284,355.673168328,0.0,1.8359999999999999,1.5839999999999999,0,0,19.29,355.6731683280785
4,157,3,2,153,148,3,17,20,0,2000,0,49,46,0,0,6491,6,2,6851,1218.358438107564,355.673168328,0.0,1.7639999999999998,1.656,0,0,19.3,355.6731683279521
3,158,5,2,154,149,3,16,20,0,2000,0,49,46,0,0,6492,5,1,6871,1221.915169790844,355.673168328,0.0,1.7639999999999998,1.656,0,0,19.31,355.67316832805574
2,154,5,2,154,149,3,15,21,0,2000,0,46,42,0,0,6493,4,0,6892,1225.649738058288,355.673168328,0.0,1.656,1.5119999999999998,0,0,19.32,373.4568267443463
4,153,8,3,154,149,4,15,20,0,2000,0,49,46,0,0,6494,7,1,6912,1229.206469741568,355.673168328,0.0,1.7639999999999998,1.656,0,0,19.33,355.6731683280785
5,157,10,3,155,150,5,15,19,0,2000,0,51,51,0,0,6495,8,2,6931,1232.585364840684,355.673168328,0.0,1.8359999999999999,1.8359999999999999,0,0,19.34,337.8895099115352
3,155,11,1,155,150,6,15,20,0,2000,0,48,48,0,0,6496,4,2,6951,1236.142096523964,355.673168328,0.0,1.7279999999999998,1.7279999999999998,0,0,19.35,355.6731683279521
3,151,13,3,154,150,7,15,20,0,2000,0,46,50,0,0,6497,6,0,6971,1239.698828207244,355.673168328,0.0,1.656,1.7999999999999998,0,0,19.36,355.6731683280785
3,154,18,3,154,150,9,15,20,0,2000,0,48,48,0,0,6498,6,0,6991,1243.255559890524,355.673168328,0.0,1.7279999999999998,1.7279999999999998,0,0,19.37,355.6731683279294
2,157,20,3,155,150,11,15,20,0,2000,0,46,50,0,0,6499,5,-1,7011,1246.812291573804,355.673168328,0.0,1.656,1.7999999999999998,0,0,19.38,355.6731683280785
3,155,22,3,155,150,13,15,20,0,2000,0,48,48,0,0,6500,6,0,7031,1250.369023257084,355.673168328,0.0,1.7279999999999998,1.7279999999999998,0,0,19.39,355.6731683279521
3,157,24,3,155,150,15,16,20,0,2000,0,48,48,0,0,6501,6,0,7051,1253.925754940364,355.673168328,0.0,1.7279999999999998,1.7279999999999998,0,0,19.4,355.67316832805574
4,157,26,3,155,150,17,17,20,0,2000,0,50,46,0,0,6502,7,1,7071,1257.482486623644,355.673168328,0.0,1.7999999999999998,1.656,0,0,19.41,355.6731683279521
4,161,29,3,156,151,19,18,20,0,2000,0,49,46,0,0,6503,7,1,7091,1261.039218306924,355.673168328,0.0,1.7639999999999998,1.656,0,0,19.42,355.6731683279521
3,159,30,3,157,152,21,19,20,0,2000,0,49,46,0,0,6504,6,0,7111,1264.595949990204,355.673168328,0.0,1.7639999999999998,1.656,0,0,19.43,355.67316832805574
4,159,34,2,157,152,24,20,20,0,2000,0,48,48,0,0,6505,6,2,7131,1268.152681673484,355.673168328,0.0,1.7279999999999998,1.7279999999999998,0,0,19.44,355.6731683279521
3,157,38,3,157,152,27,21,21,0,2000,0,44,44,0,0,6506,6,0,7152,1271.887249940928,355.673168328,0.0,1.5839999999999999,1.5839999999999999,0,0,19.45,373.456826744479
4,158,45,3,157,152,31,23,19,0,2000,0,53,49,0,0,6507,7,1,7171,1275.266145040044,355.673168328,0.0,1.908,1.7639999999999998,0,0,19.46,337.8895099115352
4,158,52,2,157,152,35,25,20,0,2000,0,48,48,0,0,6508,6,2,7191,1278.822876723324,355.673168328,0.0,1.7279999999999998,1.7279999999999998,0,0,19.47,355.6731683280785
2,160,60,3,158,153,40,27,20,0,2000,0,48,48,0,0,6509,5,-1,7211,1282.379608406604,355.673168328,0.0,1.7279999999999998,1.7279999999999998,0,0,19.48,355.6731683279294
4,158,65,3,158,153,45,29,20,0,2000,0,48,48,0,0,6510,7,1,7231,1285.936340089884,355.673168328,0.0,1.7279999999999998,1.7279999999999998,0,0,19.49,355.6731683280785
4,161,72,2,159,154,50,32,20,0,2000,0,48,48,0,0,6511,6,2,7251,1289.493071773164,355.673168328,0.0,1.7279999999999998,1.7279999999999998,0,0,19.5,355.6731683279521
4,161,77,3,159,154,55,35,20,0,2000,0,48,48,0,0,6512,7,1,7271,1293.049803456444,355.673168328,0.0,1.7279999999999998,1.7279999999999998,0,0,19.51,355.6731683279294
4,162,78,3,160,155,60,38,21,0,2000,0,44,44,0,0,6513,7,1,7292,1296.784371723888,355.673168328,0.0,1.5839999999999999,1.5839999999999999,0,0,19.52,373.456826744479
3,161,79,4,160,155,64,41,20,0,2000,0,47,47,0,0,6514,7,-1,7312,1300.341103407168,355.673168328,0.0,1.692,1.692,0,0,19.53,355.6731683279521
3,166,80,3,161,156,67,43,20,0,2000,0,47,47,0,0,6515,6,0,7332,1303.897835090448,355.673168328,0.0,1.692,1.692,0,0,19.54,355.6731683280785
4,163,78,4,161,156,69,45,20,0,2000,0,47,47,0,0,6516,8,0,7352,1307.454566773728,355.673168328,0.0,1.692,1.692,0,0,19.55,355.6731683279294
4,165,80,3,162,157,71,47,21,0,2000,0,43,43,0,0,6517,7,1,7373,1311.189135041172,355.673168328,0.0,1.5479999999999998,1.5479999999999998,0,0,19.56,373.456826744479
4,163,79,4,162,157,73,49,19,0,2000,0,53,49,0,0,6518,8,0,7392,1314.568030140288,355.673168328,0.0,1.908,1.7639999999999998,0,0,19.57,337.8895099115579
3,156,77,4,161,157,74,51,19,0,2000,0,55,48,0,0,6519,7,-1,7411,1317.946925239404,355.673168328,0.0,1.9799999999999998,1.7279999999999998,0,0,19.58,337.88950991165524
3,151,74,4,159,157,74,52,20,0,2000,0,49,46,0,0,6520,7,-1,7431,1321.503656922684,355.673168328,0.0,1.7639999999999998,1.656,0,0,19.59,355.6731683279521
3,150,82,4,157,157,76,54,20,0,2000,0,48,48,0,0,6521,7,-1,7451,1325.060388605964,355.673168328,0.0,1.7279999999999998,1.7279999999999998,0,0,19.6,355.6731683279294
5,141,80,3,154,156,77,56,20,0,2000,0,50,46,0,0,6522,8,2,7471,1328.617120289244,355.673168328,0.0,1.7999999999999998,1.656,0,0,19.61,355.6731683280785
4,151,78,4,153,156,77,57,20,0,2000,0,49,46,0,0,6523,8,0,7491,1332.173851972524,355.673168328,0.0,1.7639999999999998,1.656,0,0,19.62,355.6731683279521
4,153,79,4,153,156,77,58,20,0,2000,0,49,46,0,0,6524,8,0,7511,1335.730583655804,355.673168328,0.0,1.7639999999999998,1.656,0,0,19.63,355.67316832805574
4,155,79,4,153,156,77,59,20,0,2000,0,46,50,0,0,6525,8,0,7531,1339.287315339084,355.673168328,0.0,1.656,1.7999999999999998,0,0,19.64,355.6731683279521
3,153,78,4,153,156,77,60,20,0,2000,0,44,51,0,0,6526,7,-1,7551,1342.844047022364,355.673168328,0.0,1.5839999999999999,1.8359999999999999,0,0,19.65,355.6731683280785
4,153,79,4,153,156,77,61,20,0,2000,0,46,49,0,0,6527,8,0,7571,1346.400778705644,355.673168328,0.0,1.656,1.7639999999999998,0,0,19.66,355.6731683279294
5,157,80,5,154,156,78,62,20,0,2000,0,48,48,0,0,6528,10,0,7591,1349.957510388924,355.673168328,0.0,1.7279999999999998,1.7279999999999998,0,0,19.67,355.6731683279521
4,158,78,4,155,156,78,63,20,0,2000,0,50,46,0,0,6529,8,0,7611,1353.514242072204,355.673168328,0.0,1.7999999999999998,1.656,0,0,19.68,355.6731683280785
4,159,76,4,156,156,78,64,20,0,2000,0,49,46,0,0,6530,8,0,7631,1357.070973755484,355.673168328,0.0,1.7639999999999998,1.656,0,0,19.69,355.6731683279294
3,162,78,4,157,156,78,65,20,0,2000,0,48,48,0,0,6531,7,-1,7651,1360.627705438764,355.673168328,0.0,1.7279999999999998,1.7279999999999998,0,0,19.7,355.6731683280785
4,160,76,4,158,156,78,66,20,0,2000,0,50,46,0,0,6532,8,0,7671,1364.184437122044,355.673168328,0.0,1.7999999999999998,1.656,0,0,19.71,355.6731683279521
4,162,77,5,159,156,78,67,20,0,2000,0,49,46,0,0,6533,9,-1,7691,1367.741168805324,355.673168328,0.0,1.7639999999999998,1.656,0,0,19.72,355.67316832805574
3,164,77,5,160,157,78,68,20,0,2000,0,48,48,0,0,6534,8,-2,7711,1371.297900488604,355.673168328,0.0,1.7279999999999998,1.7279999999999998,0,0,19.73,355.6731683279521
5,163,78,5,161,157,78,69,20,0,2000,0,48,48,0,0,6535,10,0,7731,1374.854632171884,355.673168328,0.0,1.7279999999999998,1.7279999999999998,0,0,19.74,355.6731683280785
4,164,77,5,162,157,78,70,20,0,2000,0,48,48,0,0,6536,9,-1,7751,1378.411363855164,355.673168328,0.0,1.7279999999999998,1.7279999999999998,0,0,19.75,355.6731683279294
6,163,76,5,162,157,78,70,20,0,2000,0,46,50,0,0,6537,11,1,7771,1381.968095538444,355.673168328,0.0,1.656,1.7999999999999998,0,0,19.76,355.6731683279521
4,166,76,6,163,158,78,70,20,0,2000,0,48,48,0,0,6538,10,-2,7791,1385.524827221724,355.673168328,0.0,1.7279999999999998,1.7279999999999998,0,0,19.77,355.6731683280785
4,167,75,5,164,159,77,70,20,0,2000,0,48,48,0,0,6539,9,-1,7811,1389.081558905004,355.673168328,0.0,1.7279999999999998,1.7279999999999998,0,0,19.78,355.6731683279294
4,171,77,6,165,160,77,70,20,0,2000,0,48,48,0,0,6540,10,-2,7831,1392.638290588284,355.673168328,0.0,1.7279999999999998,1.7279999999999998,0,0,19.79,355.6731683280785
5,170,75,6,166,161,77,70,20,0,2000,0,48,48,0,0,6541,11,-1,7851,1396.195022271564,355.673168328,0.0,1.7279999999999998,1.7279999999999998,0,0,19.8,355.6731683279521
3,171,75,6,167,162,77,70,20,0,2000,0,50,46,0,0,6542,9,-3,7871,1399.751753954844,355.673168328,0.0,1.7999999999999998,1.656,0,0,19.81,355.67316832805574
5,172,74,6,168,163,76,70,20,0,2000,0,48,48,0,0,6543,11,-1,7891,1403.308485638124,355.673168328,0.0,1.7279999999999998,1.7279999999999998,0,0,19.82,355.6731683279521
6,171,73,6,169,164,75,70,20,0,2000,0,50,46,0,0,6544,12,0,7911,1406.865217321404,355.673168328,0.0,1.7999999999999998,1.656,0,0,19.83,355.6731683280785
6,174,75,5,170,165,75,70,20,0,2000,0,49,46,0,0,6545,11,1,7931,1410.421949004684,355.673168328,0.0,1.7639999999999998,1.656,0,0,19.84,355.6731683279294
5,176,75,6,171,166,75,70,20,0,2000,0,48,48,0,0,6546,11,-1,7951,1413.978680687964,355.673168328,0.0,1.7279999999999998,1.7279999999999998,0,0,19.85,355.6731683279521
7,171,72,7,171,166,74,70,20,0,2000,0,48,48,0,0,6547,14,0,7971,1417.535412371244,355.673168328,0.0,1.7279999999999998,1.7279999999999998,0,0,19.86,355.6731683280785
6,174,73,8,172,167,74,70,21,0,2000,0,44,44,0,0,6548,14,-2,7992,1421.269980638688,355.673168328,0.0,1.5839999999999999,1.5839999999999999,0,0,19.87,373.45682674432356
6,171,74,7,172,167,74,70,19,0,2000,0,53,49,0,0,6549,13,-1,8011,1424.648875737804,355.673168328,0.0,1.908,1.7639999999999998,0,0,19.88,337.889509911678
7,178,75,8,173,168,74,70,20,0,2000,0,48,48,0,0,6550,15,-1,8031,1428.205607421084,355.673168328,0.0,1.7279999999999998,1.7279999999999998,0,0,19.89,355.6731683279521
8,177,73,8,174,169,74,70,20,0,2000,0,50,46,0,0,6551,16,0,8051,1431.762339104364,355.673168328,0.0,1.7999999999999998,1.656,0,0,19.9,355.67316832805574
8,177,73,9,175,170,74,70,20,0,2000,0,49,46,0,0,6552,17,-1,8071,1435.319070787644,355.673168328,0.0,1.7639999999999998,1.656,0,0,19.91,355.6731683279521
6,175,72,8,175,170,74,70,20,0,2000,0,49,46,0,0,6553,14,-2,8091,1438.875802470924,355.673168328,0.0,1.7639999999999998,1.656,0,0,19.92,355.6731683279521
7,175,73,8,175,170,74,70,20,0,2000,0,48,48,0,0,6554,15,-1,8111,1442.432534154204,355.673168328,0.0,1.7279999999999998,1.7279999999999998,0,0,19.93,355.67316832805574
6,173,71,10,175,170,73,70,20,0,2000,0,46,50,0,0,6555,16,-4,8131,1445.989265837484,355.673168328,0.0,1.656,1.7999999999999998,0,0,19.94,355.6731683279521
7,176,72,9,175,170,73,70,20,0,2000,0,46,49,0,0,6556,16,-2,8151,1449.545997520764,355.673168328,0.0,1.656,1.7639999999999998,0,0,19.95,355.6731683280785
8,171,69,10,174,170,72,70,20,0,2000,0,48,48,0,0,6557,18,-2,8171,1453.102729204044,355.673168328,0.0,1.7279999999999998,1.7279999999999998,0,0,19.96,355.6731683279294
7,171,64,10,173,170,70,70,20,0,2000,0,46,50,0,0,6558,17,-3,8191,1456.659460887324,355.673168328,0.0,1.656,1.7999999999999998,0,0,19.97,355.6731683280785
7,175,64,11,173,170,69,70,20,0,2000,0,48,48,0,0,6559,18,-4,8211,1460.216192570604,355.673168328,0.0,1.7279999999999998,1.7279999999999998,0,0,19.98,355.6731683279521
7,177,55,11,174,170,66,69,20,0,2000,0,48,48,0,0,6560,18,-4,8231,1463.772924253884,355.673168328,0.0,1.7279999999999998,1.7279999999999998,0,0,19.99,355.67316832805574
8,175,40,11,174,170,61,67,21,0,1720,0,29,29,0,0,6561,19,-3,8252,1467.507492521328,305.87892476208,0.0,1.0439999999999998,1.0439999999999998,0,0,20.0,373.4568267443463
7,178,27,12,175,171,54,65,18,0,1440,0,25,21,0,0,6562,19,-5,8270,1470.70855103628,256.08468119616,0.0,0.8999999999999999,0.7559999999999999,0,0,20.01,320.105851495141
9,178,15,13,176,171,46,62,16,0,1160,0,15,11,0,0,6563,22,-4,8286,1473.553936382904,206.29043763024,0.0,0.5399999999999999,0.39599999999999996,0,0,20.02,284.5385346624764
7,179,10,13,177,172,39,59,14,0,880,0,4,1,0,0,6564,20,-6,8300,1476.0436485612,156.49619406432,0.0,0.144,0.036,0,0,20.03,248.97121782954147
9,176,8,13,177,172,33,56,13,0,600,0,9,8,0,0,6565,22,-4,8313,1478.355524155332,106.7019504984,0.0,0.32399999999999995,0.288,0,0,20.04,231.18755941325213
10,178,8,13,178,173,24,50,14,0,100,0,17,10,0,0,6567,23,-3,8327,1480.845236333628,17.7836584164,0.0,0.612,0.36,0,0,20.06,124.48560891480422
